Date,Block,Trtmnt,DateBlkTrtmnt,Loc,Time,Netter,AvegWindMph,TempC,Humidity,CloudCover,PercentInSun,Genus,Species,TotalOpenFl,TotalCloseFl,NatorNon,Notes,
11Sep2023,mpsu,nh,11Sep2023mpsunh,bldg16Mesa,947,DG,0.8,18.3,82,0,80,Monardella,villosa,82,0,native,,
11Sep2023,mpsu,nh,11Sep2023mpsunh,bldg16Mesa,947,DG,0.8,18.3,82,0,80,Eriogonum,latifolium,"2,146",613,native,,
11Sep2023,mpsu,nh,11Sep2023mpsunh,bldg16Mesa,947,DG,0.8,18.3,82,0,80,Achillea ,millefolium,"4,623",0,native,"petals still on, but 90% starting to senesce",
11Sep2023,mpsu,nh,11Sep2023mpsunh,bldg16Mesa,947,DG,0.8,18.3,82,0,80,Pseudognaphalium,luteoalbum,20,0,non,,
11Sep2023,mpsu,nh,11Sep2023mpsunh,bldg16Mesa,947,DG,0.8,18.3,82,0,80,Erigeron,bonariensis,0,10,non,,
11Sep2023,mpsu,h,11Sep2023mpsuh,Powderhouse,1108,DG,6.3,18.6,67,0,100,Symphyotrichum ,chilense,72,10,native,,
11Sep2023,mpsu,h,11Sep2023mpsuh,Powderhouse,1108,DG,6.3,18.6,67,0,100,Grindelia,hirsitula,8,3,native,,
11Sep2023,mpsu,h,11Sep2023mpsuh,Powderhouse,1108,DG,6.3,18.6,67,0,100,Grindelia,stricta,12,6,native,,
11Sep2023,mpsu,h,11Sep2023mpsuh,Powderhouse,1108,DG,6.3,18.6,67,0,100,Convolvulus,arvensis,8,2,non,,
11Sep2023,mpsu,h,11Sep2023mpsuh,Powderhouse,1108,DG,6.3,18.6,67,0,100,Horkelia,californica,45,0,native,,
11Sep2023,mpsu,h,11Sep2023mpsuh,Powderhouse,1108,DG,6.3,18.6,67,0,100,Pseudognaphalium,luteoalbum,0,2133,non,,
11Sep2023,mpsu,c,11Sep2023mpsuc,Rock Wall,1047,DG,0.8,18.6,67,0,100,,,0,0,,nothing in flower,
11Sep2023,fscg,h,11Sep2023fscgh,south planter,1455,DG,3.2,20.5,74,30,15,Fragaria,,3,0,non,not sure species of strawberry; not planted by us,
11Sep2023,fscg,h,11Sep2023fscgh,south planter,1455,DG,3.2,20.5,74,30,15,Symphyotrichum ,chilense,50,7,native,,
11Sep2023,fscg,h,11Sep2023fscgh,south planter,1455,DG,3.2,20.5,74,30,15,Fumaria,capreolata,83,0,non,,
11Sep2023,fscg,h,11Sep2023fscgh,south planter,1455,DG,3.2,20.5,74,30,15,Anagalis,arvensis,18,2,non,,
11Sep2023,fscg,h,11Sep2023fscgh,south planter,1455,DG,3.2,20.5,74,30,15,Nepeta,,1210,1100,non,catnip,
11Sep2023,fscg,h,11Sep2023fscgh,south planter,1455,DG,3.2,20.5,74,30,15,Epilobium ,ciliata,35,15,native,,
11Sep2023,fscg,h,11Sep2023fscgh,south planter,1455,DG,3.2,20.5,74,30,15,Oxalis,pilosa,5,15,native,"not 100% on i.d., but",
11Sep2023,stav,c,11Sep2023stavc,1289AStorey,1315,DG,3.4,20.3,66,0,100,Hydrangea,quercifolia,"1,540",0,non,"note: 1,540 refers so small flowers with reproductive parts showing.  We also counted 165 ""sepal"" flowers - the white, showy-""petaled""(actually sepals) flowers at 165",
11Sep2023,stav,c,11Sep2023stavc,1289AStorey,1315,DG,3.4,20.3,66,0,100,Fuschia,,172,244,non,,
11Sep2023,stav,nh,11Sep2023stavnh,1295BStorey,1348,DG,6.4,17.9,76,0,0,Achillea ,millefolium,1600,0,native,,
11Sep2023,stav,nh,11Sep2023stavnh,1295BStorey,1348,DG,6.4,17.9,76,0,0,Monardella,villosa,6,61,native,,
11Sep2023,stav,nh,11Sep2023stavnh,1295BStorey,1348,DG,6.4,17.9,76,0,0,Agapanthus,,38,86,non,,
11Sep2023,stav,h,11Sep2023stavh,1291BStorey,1320,MM,3.4,20.3,66,0,100,Phacelia ,californica,833,56,native,,
11Sep2023,stav,h,11Sep2023stavh,1291BStorey,1320,MM,3.4,20.3,66,0,100,Horkelia,californica,45,0,native,,
11Sep2023,stav,h,11Sep2023stavh,1291BStorey,1320,MM,3.4,20.3,66,0,100,Grindelia,hirsitula,15,0,native,,
11Sep2023,stav,h,11Sep2023stavh,1291BStorey,1320,MM,3.4,20.3,66,0,100,Grindelia,stricta,30,3,native,,
11Sep2023,stav,h,11Sep2023stavh,1291BStorey,1320,MM,3.4,20.3,66,0,100,Symphyotrichum ,chilense,360,0,native,,
11Sep2023,stav,h,11Sep2023stavh,1291BStorey,1320,MM,3.4,20.3,66,0,100,Malva,,4,0,non,,
11Sep2023,fscg,c,11Sep2023fscgc,Stone stairs,1539,"MM,DG",3.2,20.5,74,20,90,,,0,0,,,
11Sep2023,fscg,nh,11Sep2023fscgnh,north planter,1500,MM,3.2,20.5,74,30,60,Daucus,carota,2295,1733,non,counting the tiny flowers,
11Sep2023,fscg,nh,11Sep2023fscgnh,north planter,1500,,3.2,20.5,74,30,60,Achillea ,millefolium,290,192,native,,
11Sep2023,fscg,nh,11Sep2023fscgnh,north planter,1500,,3.2,20.5,74,30,60,Tropaeolum,majus,3,0,non,,
11Sep2023,fscg,nh,11Sep2023fscgnh,north planter,1500,,3.2,20.5,74,30,60,Digitalis,,19,8,non,white flowered variety,
11Sep2023,fscg,nh,11Sep2023fscgnh,north planter,1500,,3.2,20.5,74,30,60,Sidalcea ,malviflora,3,0,native,,
5Sep2023,shta,c,5Sep2023shtac,west lot,1155,DG,2.4,20.1,66,10,97,Grevillea,lanigera,256,"1,260",non,,
5Sep2023,shta,c,5Sep2023shtac,west lot,1155,DG,2.4,20.1,66,10,97,Medicago ,lupulina,0,10,non,,
5Sep2023,ymca,c,5Sep2023ymcac,traffic circle,1054,DG,,,,20,90,Grevillea,lanigera,0,"5,333",non,"""medium-small"" macaroni-shaped flowers; all closed",
5Sep2023,ymca,c,5Sep2023ymcac,traffic circle,1054,DG,,,,20,90,Euphorbia,peplus,,,non,"25 small plants, did not count flowers.",
5Sep2023,ymca,nh,5Sep2023ymcanh,Lincoln/Funston,1020,DG,1.1,17.9,89,70,60,Grevillea,lanigera,0,"4,709",non,"most flowers ""medium"" size, not full-sized, but definitely shaped like macaroni",
5Sep2023,ymca,nh,5Sep2023ymcanh,Lincoln/Funston,1020,DG,1.1,17.9,89,70,60,Eriogonum,latifolium,0,15,native,,
5Sep2023,fosc,h,5Sep2023fosch,1206,1638,LG,0.8,18,86,100,100,Symphyotrichum ,chilense,6,3,native,"double check % in sun, at that time, likely in shade",
5Sep2023,fosc,h,5Sep2023fosch,1206,1638,LG,0.8,18,86,100,100,Grindelia,stricta,0,6,native,"double check % in sun, at that time, likely in shade",
5Sep2023,fosc,h,5Sep2023fosch,1206,1638,LG,0.8,18,86,100,100,Horkelia,californica,1,2,native,"double check % in sun, at that time, likely in shade",
3Sep2023,lile,h,3Sep2023lileh,Swplanter,1005,DG,1,17,89,100,100,Calandrinia,grandiflora,12,6,non,,
3Sep2023,lile,h,3Sep2023lileh,Swplanter,1005,DG,1,17,89,100,100,Symphyotrichum ,chilense,21,0,native,,
3Sep2023,lile,h,3Sep2023lileh,Swplanter,1005,DG,1,17,89,100,100,Cotyledon,orbiculata,3,0,non,,
3Sep2023,lile,h,3Sep2023lileh,Swplanter,1005,DG,1,17,89,100,100,Grindelia,hirsitula,1,0,native,,
3Sep2023,lile,c,3Sep2023lilec,bikepath,1006,LG,1,17,89,99,100,Sonchus ,oleraceus,2,0,non,,
30Aug2023,wewa,h,30Aug2023wewah,1420AWash,1606,DG,,,,0,95,Calandrinia,grandiflora,5,10,non,,
30Aug2023,wewa,h,30Aug2023wewah,1420AWash,1606,DG,,,,0,95,Pelargonium,,20,1,non,,
30Aug2023,wewa,h,30Aug2023wewah,1420AWash,1606,DG,,,,0,95,Symphyotrichum ,chilense,8,0,native,,
30Aug2023,wewa,h,30Aug2023wewah,1420AWash,1606,DG,,,,0,95,Grindelia,hirsitula,6,1,native,,
3Sep2023,wywe,nh,3Sep2023wywenh,,1402,DG,1.2,20.6,74,98,100,Achillea ,millefolium,330,20,native,,
3Sep2023,wywe,nh,3Sep2023wywenh,,1402,DG,1.2,20.6,74,98,100,Monardella,villosa,55,1,native,,
3Sep2023,wywe,nh,3Sep2023wywenh,,1402,DG,1.2,20.6,74,98,100,Medicago ,polymorpha,20,0,non,,
3Sep2023,wywe,h,3Sep2023wyweh,14thAvegate,1336,LG,1.2,20.6,74,98,100,Symphyotrichum ,chilense,8,1,native,,
3Sep2023,wywe,h,3Sep2023wyweh,14thAvegate,1336,LG,1.2,20.6,74,98,100,Horkelia,californica,1,0,native,,
3Sep2023,wywe,h,3Sep2023wyweh,14thAvegate,1336,LG,1.2,20.6,74,98,100,Grindelia,hirsitula,0,1,native,,
3Sep2023,wywe,c,3Sep2023wywec,fire hydrant,1337,DG,1.2,20.6,74,95,100,Salvia,rosmarinus,15,2,non,,
5Sep2023,ymca,h,5Sep2023ymcah,Trailhead,1020,LG,,,,75,100,Symphyotrichum ,chilense,127,45,native,,
5Sep2023,ymca,h,5Sep2023ymcah,Trailhead,1020,LG,,,,75,100,Grindelia,stricta,4,4,native,,
5Sep2023,ymca,h,5Sep2023ymcah,Trailhead,1020,LG,,,,75,100,Grevillea,lanigera,1280,7193,non,"LG counted 3,324 ""small"" closed flowers, and 3869 ""big"" closed flowers.  DG just combined for total 7193",
5Sep2023,ymca,h,5Sep2023ymcah,Trailhead,1020,LG,,,,75,100,Convolvulus,arvensis,1,0,non,,
5Sep2023,shta,nh,5Sep2023shtanh,Oso,1155,LG,2,22,63,1,100,Achillea ,millefolium,870,0,native,9 inflorescences,
5Sep2023,shta,nh,5Sep2023shtanh,Oso,1155,LG,2,22,63,1,100,Eriogonum,latifolium,8305,0,native,44 inflorescences,
5Sep2023,shta,nh,5Sep2023shtanh,Oso,1155,LG,2,22,63,1,100,Eschscholzia,californica,4,0,native,,
5Sep2023,shta,nh,5Sep2023shtanh,Oso,1155,LG,2,22,63,1,100,Grevillea,lanigera,600,"2,875",non,"dg combine ""big"" and ""small"" closed for 2875",
5Sep2023,shta,nh,5Sep2023shtanh,Oso,1155,LG,2,22,63,1,100,Calandrinia,grandiflora,13,4,non,,
5Sep2023,shta,h,5Sep2023shtah,entrance103lot,1222,LG,2,22,63,3,100,Grindelia,stricta,16,3,native,,
5Sep2023,shta,h,5Sep2023shtah,entrance103lot,1222,LG,2,22,63,3,100,Symphyotrichum ,chilense,35,1,native,,
5Sep2023,shta,h,5Sep2023shtah,entrance103lot,1222,LG,2,22,63,3,100,Grevillea,lanigera,2064,2582,non,,
5Sep2023,shta,h,5Sep2023shtah,entrance103lot,1222,LG,2,22,63,3,100,Horkelia,californica,5,0,,,
3May2023,shta,h,3May2023shtah,entrance103lot,1300,DG,1.4,20.7,46,0,100,Ranunculus,californicus,15,0,native,,
3May2023,shta,h,3May2023shtah,entrance103lot,1300,DG,1.4,20.7,46,0,100,Oxalis,pes-caprae,9,0,non,,
3May2023,shta,h,3May2023shtah,entrance103lot,1300,DG,1.4,20.7,46,0,100,Grevillea,lanigera,320,,non,this 320 combines opened and closed,
3May2023,shta,h,3May2023shtah,entrance103lot,1300,DG,1.4,20.7,46,0,100,Phacelia ,californica,26,46,native,,
3May2023,shta,h,3May2023shtah,entrance103lot,1300,DG,1.4,20.7,46,0,100,Aloe,striata,25,600,non,coral aloe,
3May2023,shta,h,3May2023shtah,entrance103lot,1300,DG,1.4,20.7,46,0,100,Kniphofia,poco yellow,13,60,non,,
3May2023,shta,h,3May2023shtah,entrance103lot,1300,DG,1.4,20.7,46,0,100,Phormioum,yellow wave,79,0,non,"New zealand flax, yellow wave",
3May2023,wywe,c,3May2023wywec,fire hydrant,1510,DG,1.3,20.8,70,70,100,Salvia,rosmarinus,12,0,non,,
3May2023,wywe,c,3May2023wywec,fire hydrant,1510,DG,1.3,20.8,70,70,100,Kniphofia,,212,1347,non,,
20Jun2023,lile,h,20Jun2023lileh,,1602,DG,1,8.5?,38,0,100,Aloe,saponaria,178,208,non,soap aloe; used aveg open and closed form nh plot average,
20Jun2023,lile,h,20Jun2023lileh,,1602,DG,1,8.5?,38,0,100,Calandrinia,grandiflora,60,82,non,,
20Jun2023,lile,h,20Jun2023lileh,,1602,DG,1,8.5?,38,0,100,Kalanchoe?,,22,194,non,get name of plant!,
20Jun2023,lile,c,20Jun2023lilec,,1501,"MM,LG",1.8,9?,44,0,95,Aloe,saponaria,308,575,non,,
20Jun2023,lile,c,20Jun2023lilec,,1501,"MM,LG",1.8,9?,44,0,95,Vicia,sativa,3,6,non,,
20Jun2023,lile,c,20Jun2023lilec,,1501,"MM,LG",1.8,9?,44,0,95,Rumex,acetosella,,,non,"16 plants, did not count flowers",
20Jun2023,lile,nh,20Jun2023lilenh,,1356,"MM,LG",0.6,12.8?,42,0,10,Achillea ,millefolium,22,233,native,255 total flowers,
20Jun2023,lile,nh,20Jun2023lilenh,,1356,"MM,LG",0.6,12.8?,42,0,10,Aloe,saponaria,156,182,non,,
20Jun2023,lile,nh,20Jun2023lilenh,,1356,"MM,LG",0.6,12.8?,42,0,10,Sidalcea ,malviflora,17,11,native,,
20Jun2023,lile,nh,20Jun2023lilenh,,1356,"MM,LG",0.6,12.8?,42,0,10,Fumaria,capreolata,72,0,non,,
20Jun2023,lile,nh,20Jun2023lilenh,,1356,"MM,LG",0.6,12.8?,42,0,10,Vicia,sativa,20,0,,,
20Jun2023,fosc,nh,20Jun2023foscnh,1203Ralston,900,"MM,LG",0,26.6,55,0,100,Raphanus ,sativus,250,17,non,,
20Jun2023,fosc,nh,20Jun2023foscnh,1203Ralston,900,"MM,LG",0,26.6,55,0,100,Eschscholzia,californica,12,0,native,a poppy patch is 1 meter to the left of this plot,
20Jun2023,fosc,nh,20Jun2023foscnh,1203Ralston,900,"MM,LG",0,26.6,55,0,100,Silene,gallica,17,0,non,,
20Jun2023,fosc,nh,20Jun2023foscnh,1203Ralston,900,"MM,LG",0,26.6,55,0,100,Lysimachia,arvensis,2,0,non,,
20Jun2023,fosc,nh,20Jun2023foscnh,1203Ralston,900,"MM,LG",0,26.6,55,0,100,Achillea ,millefolium,350,0,native,,
20Jun2023,fosc,c,20Jun2023foscc,1224Upton,1043,"MM,LG",0.7,23.4,46,0,85,Hypochaeris,radicata,8,0,non,,
20Jun2023,fosc,c,20Jun2023foscc,1224Upton,1043,"MM,LG",0.7,23.4,46,0,85,Carduus,pycnocephalus,1,0,non,,
20Jun2023,fosc,c,20Jun2023foscc,1224Upton,1043,"MM,LG",0.7,23.4,46,0,85,Rosa,,17,,non,"ornamental rose, white",
20Jun2023,fosc,h,20Jun2023fosch,1206Ralston,1145,"MM,LG",0.5,23.4,40,0,100,Medicago ,polymorpha,2,0,non,,
20Jun2023,fosc,h,20Jun2023fosch,1206Ralston,1145,"MM,LG",0.5,23.4,40,0,100,Vicia,sativa,6,0,non,,
20Jun2023,fosc,h,20Jun2023fosch,1206Ralston,1145,"MM,LG",0.5,23.4,40,0,100,Ranunculus,californicus,2,0,native,,
20Jun2023,fosc,h,20Jun2023fosch,1206Ralston,1145,"MM,LG",0.5,23.4,40,0,100,Taraxia,ovata,6,0,native,,
20Jun2023,fosc,h,20Jun2023fosch,1206Ralston,1145,"MM,LG",0.5,23.4,40,0,100,Rosa,,65,0,non,"ornamental rose, white",
14Jul2023,ymca,h,14Jul2023ymcah,TennHollowTrailhead,1024,DG,1.6,17.5,90,30,100,Symphyotrichum ,chilense,58,35,native,,
14Jul2023,ymca,h,14Jul2023ymcah,TennHollowTrailhead,1024,DG,1.6,17.5,90,30,100,Grindelia,hirsitula,11,4,native,,
14Jul2023,ymca,h,14Jul2023ymcah,TennHollowTrailhead,1024,DG,1.6,17.5,90,30,100,Grevillea,lanigera,12,30,non,"ultimately, decided not to count tiny budys; just those big enough that starting to ""curl""",
14Jul2023,ymca,h,14Jul2023ymcah,TennHollowTrailhead,1024,DG,1.6,17.5,90,30,100,Phacelia ,californica,85,15,native,,
14Jul2023,ymca,h,14Jul2023ymcah,TennHollowTrailhead,1024,DG,1.6,17.5,90,30,100,Horkelia,californica,19,0,native,,
14Jul2023,ymca,h,14Jul2023ymcah,TennHollowTrailhead,1024,DG,1.6,17.5,90,30,100,Convolvulus,arvensis,5,5,non,,
14Jul2023,ymca,h,14Jul2023ymcah,TennHollowTrailhead,1024,DG,1.6,17.5,90,30,100,Correa,pulchella,1,0,non,,
14Jul2023,ymca,nh,14Jul2023ymcanh,Lincoln/Funston,1140,DG,3.7,17.1,60,10,100,Achillea ,millefolium,891,0,native,,
14Jul2023,ymca,nh,14Jul2023ymcanh,Lincoln/Funston,1140,DG,3.7,17.1,60,10,100,Monardella,villosa,233,0,native,,
14Jul2023,ymca,nh,14Jul2023ymcanh,Lincoln/Funston,1140,DG,3.7,17.1,60,10,100,Eriogonum,latifolium,47,995,native,,
14Jul2023,ymca,nh,14Jul2023ymcanh,Lincoln/Funston,1140,DG,3.7,17.1,60,10,100,Sonchus ,oleraceus,1,0,non,,
14Jul2023,ymca,nh,14Jul2023ymcanh,Lincoln/Funston,1140,DG,3.7,17.1,60,10,100,Grevillea,lanigera,1,6,non,"decided not to count tiny buds whose color is not visible from 5' away, only those starting to ""curl""",
14Jul2023,ymca,nh,14Jul2023ymcanh,Lincoln/Funston,1140,DG,3.7,17.1,60,10,100,Euphorbia,peplus,,,,did not count,
19Jul2023,shta,h,19Jul2023shtah,entrance103lot,1417,"DG,LG",3.3,18,73,85,90,Horkelia,californica,110,5,native,,
19Jul2023,shta,h,19Jul2023shtah,entrance103lot,1417,"DG,LG",3.3,18,73,85,90,Symphyotrichum ,chilense,1,0,native,,
19Jul2023,shta,h,19Jul2023shtah,entrance103lot,1417,"DG,LG",3.3,18,73,85,90,Grevillea,lanigera,95,6763,non,,
19Jul2023,shta,h,19Jul2023shtah,entrance103lot,1417,"DG,LG",3.3,18,73,85,90,Geranium,robertianum,1,0,non,,
19Jul2023,shta,h,19Jul2023shtah,entrance103lot,1417,"DG,LG",3.3,18,73,85,90,Euphorbia,peplus,,,non,did not count,
21Jul2023,lile,nh,21Jul2023lilenh,,1432,DG,1.8,16.2,75,15,25,Aloe,arborescens,46,0,non,,
21Jul2023,lile,nh,21Jul2023lilenh,,1432,DG,1.8,16.2,75,15,25,Achillea ,millefolium,?,,,2.5 infloresces; use aveg fl/infl from other counts,
21Jul2023,lile,c,21Jul2023lilec,median strip,1602,DG,1.8,16.2,75,0,100,Aloe,arborescens,144,0,non,,
21Jul2023,lile,c,21Jul2023lilec,median strip,1602,DG,1.8,16.2,75,0,100,Rumex,acetosella,,,non,did not count,
25Jul2023,fscg,c,25Jul2023fscgc,,1135,LG,1.3,15.3,83,70,100,Geranium,,3,3,non,ornamental geranium,
25Jul2023,fscg,nh,25Jul2023fscgnh,,1038,LG,1.3,15.3,83,99,100,Achillea ,millefolium,582,35,native,,
25Jul2023,fscg,nh,25Jul2023fscgnh,,1038,LG,1.3,15.3,83,99,100,Digitalis,,58,85,non,white flowered variety,
25Jul2023,fscg,nh,25Jul2023fscgnh,,1038,LG,1.3,15.3,83,99,100,Tropaeolum,majus,13,0,non,,
25Jul2023,fscg,nh,25Jul2023fscgnh,,1038,LG,1.3,15.3,83,99,100,Monardella,villosa,30,0,native,,
25Jul2023,fscg,nh,25Jul2023fscgnh,,1038,LG,1.3,15.3,83,99,100,Digitalis,,7,5,non,purple variety,
25Jul2023,fscg,nh,25Jul2023fscgnh,,1038,LG,1.3,15.3,83,99,100,Sidalcea ,malviflora,2,3,native,,
21Jul2023,shta,nh,21Jul2023shtanh,,1244,DG,2.4,18.4,78,10,100,Achillea ,millefolium,13766,0,native,70 infloresces; used 197 fl/infl as aveg calculated at this site,
21Jul2023,shta,nh,21Jul2023shtanh,,1244,DG,2.4,18.4,78,10,100,Eriogonum,latifolium,378,824,native,12 infl,
21Jul2023,shta,nh,21Jul2023shtanh,,1244,DG,2.4,18.4,78,10,100,Calandrinia,grandiflora,5,11,non,,
21Jul2023,shta,nh,21Jul2023shtanh,,1244,DG,2.4,18.4,78,10,100,Eschscholzia,californica,1,0,native,,
21Jul2023,shta,nh,21Jul2023shtanh,,1244,DG,2.4,18.4,78,10,100,Monardella,villosa,740,0,native,40 infloresces,
21Jul2023,shta,nh,21Jul2023shtanh,,1244,DG,2.4,18.4,78,10,100,Grevillea,lanigera,113,1499,non,,
21Jul2023,shta,nh,21Jul2023shtanh,,1244,DG,2.4,18.4,78,10,100,Calystegia,purpurata,0,2,native,,
21Jul2023,shta,nh,21Jul2023shtanh,,1244,DG,2.4,18.4,78,10,100,Euphorbia,peplus,,,non,did not count,
24Jul2023,wywe,c,24Jul2023wywec,fire hydrant,1204,DG,0.6,16.8,87,100,100,Salvia,rosmarinus,1,0,non,,
24Jul2023,wywe,nh,24Jul2023wywenh,wyman/brown,1200,"MM, KB",0.6,16.8,87,100,100,Achillea ,millefolium,148,0,native,"1 inflorescence, time start approximate",
25Jul2023,fscg,h,25Jul2023fscgh,south planter,1138,DG,1.3,15.3,83,90,90,Nigella,,32,0,non,,
25Jul2023,fscg,h,25Jul2023fscgh,south planter,1138,DG,1.3,15.3,83,90,90,Brassica,,16,0,non,,
25Jul2023,fscg,h,25Jul2023fscgh,south planter,1138,DG,1.3,15.3,83,90,90,Lysimachia,arvensis,14,6,non,,
25Jul2023,fscg,h,25Jul2023fscgh,south planter,1138,DG,1.3,15.3,83,90,90,Epilobium ,ciliata,0,65,native,,
25Jul2023,fscg,h,25Jul2023fscgh,south planter,1138,DG,1.3,15.3,83,90,90,Fragaria,,1,0,,vesca? Or agricultural variety?,
25Jul2023,fscg,h,25Jul2023fscgh,south planter,1138,DG,1.3,15.3,83,90,90,Nepeta,cataria,76,,,"""Catnip",
21Jul2023,lile,h,21Jul2023lileh,south planter,1516,DG,1.8,16.2,75,0,100,Calandrinia,grandiflora,50,3,non,,
21Jul2023,lile,h,21Jul2023lileh,south planter,1516,DG,1.8,16.2,75,0,100,Grindelia,hirsitula,2,0,native,,
21Jul2023,lile,h,21Jul2023lileh,south planter,1516,DG,1.8,16.2,75,0,100,Cotyledon,orbiculata,55,38,non,,
21Jul2023,lile,h,21Jul2023lileh,south planter,1516,DG,1.8,16.2,75,0,100,Horkelia,californica,2,0,native,,
21Jul2023,lile,h,21Jul2023lileh,south planter,1516,DG,1.8,16.2,75,0,100,Phacelia ,californica,5,2,native,,
25Jul2023,shta,c,25Jul2023shtac,,930,"LG, DG",1,18,86,50,100,Grevillea,lanigera,24,600,non,"Note:  ""open"" is when tube is fully exerted",
25Jul2023,shta,c,25Jul2023shtac,,930,"LG, DG",1,18,86,50,100,Medicago ,lupulina,72,72,non,"individual ""bananas""",
25Jul2023,shta,c,25Jul2023shtac,,930,"LG, DG",1,18,86,50,100,Sonchus ,asper,1,0,non,,
24Jul2023,wywe,h,24Jul2023wyweh,14thAvegate,1233,"DG,KB",,,,100,100,Melilotus,indicus,56,0,non,,
24Jul2023,wywe,h,24Jul2023wyweh,14thAvegate,1233,"DG,KB",,,,100,100,Horkelia,californica,1,0,non,,
24Jul2023,wywe,h,24Jul2023wyweh,14thAvegate,1233,"DG,KB",,,,100,100,Hebe,speciosa,83,6,non,,
24Jul2023,fosc,c,24Jul2023foscc,1224Upton,1444,DG,1.5,19.5,79,30,100,Hypochaeris,radicata,10,0,non,,
24Jul2023,fosc,c,24Jul2023foscc,1224Upton,1444,DG,1.5,19.5,79,30,100,Rosa,,8,0,non,,
31Jul2023,eawa,c,31Jul2023eawac,407A,1600,LG,2.4,17.1,70,10,0,Pittosporum,tobira,11,4,non,,
31Jul2023,wewa,h,31Jul2023wewah,1420B,1420,"LG,MM",0.8,22.2,84,40,100,Grindelia,hirsitula,5,3,native,,
31Jul2023,wewa,h,31Jul2023wewah,1420B,1420,"LG,MM",0.8,22.2,84,40,100,Pelargonium,,40,26,non,,
31Jul2023,wewa,h,31Jul2023wewah,1420B,1420,"LG,MM",0.8,22.2,84,40,100,Calandrinia,grandiflora,21,19,non,,
05Jul2023,shta,c,05Jul2023shtac,,1127,DG,1.8,18.2,85,0,80,Medicago ,polymorpha,481,0,non,this is a count of inflorescences,
05Jul2023,shta,c,05Jul2023shtac,,1127,DG,1.8,18.2,,0,80,Trifolium ,repens,4,0,non,this is a count of inflorescences,
05Jul2023,shta,c,05Jul2023shtac,,1127,DG,1.8,18.2,85,0,80,Grevillea,lanigera,84,0,non,did not distinguish open vs. closed at this time,
05Jul2023,shta,c,05Jul2023shtac,,1127,DG,1.8,18.2,85,0,80,Rumex,acetosella,,,,"6 flowering plants, did not count flowers",
23May2023,shta,nh,23May2023shtanh,,1215,DG,1.2,21.9,66,0,100,Sidalcea ,malviflora,20,,native,,
23May2023,shta,nh,23May2023shtanh,,1215,DG,1.2,21.9,66,0,100,Fragaria,chiloensis,35,,native,,
23May2023,shta,nh,23May2023shtanh,,1215,DG,1.2,21.9,66,0,100,Grevillea,lanigera,168,,non,did not distinguish open vs. closed at this time,
23May2023,shta,nh,23May2023shtanh,,1215,DG,1.2,21.9,66,0,100,Veronica,persica,9,,non,,
06Jul2023,wywe,h,06Jul2023wyweh,14thAvegate,1500,DG,2.3,15.6,100,100,100,Hebe,speciosa,827,51,non,counted 8 infl to get an aveg,
06Jul2023,wywe,h,06Jul2023wyweh,14thAvegate,1500,DG,2.3,15.6,100,100,100,Horkelia,californica,1,0,native,,
06Jul2023,wywe,nh,06Jul2023wywenh,,1438,DG,2.3,15.6,100,100,100,Achillea ,millefolium,131,13,native,"""infl"" = above leaf node",
06Jul2023,wywe,nh,06Jul2023wywenh,,1438,DG,2.3,15.6,100,100,100,Knofophia,,17,,non,,
06Jul2023,wywe,c,06Jul2023wywec,,1548,DG,2.3,15.6,100,100,100,,,0,0,,nothing in flower,
06Jul2023,stav,c,06Jul2023stavc,1289AStorey,1630,DG,1.4,15.9,98,100,100,Fuschia,thymifolia,"2,008",1714,non,300 cubes volume,
06Jul2023,stav,c,06Jul2023stavc,1289AStorey,1630,DG,1.4,15.9,98,100,100,Hydrangea,quercifolia,382,,non,"""sepal-flowers""",
06Jul2023,stav,c,06Jul2023stavc,1289AStorey,1630,DG,1.4,15.9,98,100,100,Fumaria,capreolata,40,0,non,,
06Jul2023,stav,nh,06Jul2023stavnh,1295BStorey,1724,DG,1.4,15.9,98,100,100,Achillea ,millefolium,,,native,11 infl; use aveg fl/infl,
06Jul2023,stav,nh,06Jul2023stavnh,1295BStorey,1724,DG,1.4,15.9,98,100,100,Sidalcea ,malviflora,13,6,native,,
06Jul2023,stav,nh,06Jul2023stavnh,1295BStorey,1724,DG,1.4,15.9,98,100,100,Brassica,nigra,70,0,non,,
06Jul2023,stav,nh,06Jul2023stavnh,1295BStorey,1724,DG,1.4,15.9,98,100,100,Agapanthus,,96,476,non,,
06Jul2023,stav,nh,06Jul2023stavnh,1295BStorey,1724,DG,1.4,15.9,98,100,100,Fuschia,thymifolia,88,176,non,33 cubes total volume,
06Jul2023,stav,nh,06Jul2023stavnh,1295BStorey,1724,DG,1.4,15.9,98,100,100,Campanula,,750,475,non,75 cubes total volume,
06Jul2023,stav,nh,06Jul2023stavnh,1295BStorey,1724,DG,1.4,15.9,98,100,100,Hydrangea,quercifolia,14,,non,"""sepal-flowers""",
06Jul2023,stav,nh,06Jul2023stavnh,1295BStorey,1724,DG,1.4,15.9,98,100,100,Sonchus ,oleraceus,0,12,non,,
06Jul2023,stav,nh,06Jul2023stavnh,1295BStorey,1724,DG,1.4,15.9,98,100,100,Calandrinia,menziesii,0,2,native,,
10Jul2023,stav,h,10Jul2023stavh,,1300,"MM,LG",0.6,15.8,90,100,100,Phacelia ,californica,722,1164,native,,
10Jul2023,stav,nh,10Jul2023stavnh,1295BStorey,1300,"MM,LG",2.5,13.8,73,80,100,Achillea ,millefolium,"2,496",426,native,16 infl,
10Jul2023,stav,nh,10Jul2023stavnh,1295BStorey,1300,"MM,LG",2.5,13.8,73,80,100,Agapanthus,,37,823,non,19 infl; aveg closed 43.3 fl/infl,
10Jul2023,stav,nh,10Jul2023stavnh,1295BStorey,1300,"MM,LG",2.5,13.8,73,80,100,Campanula,,547,345,non,,
10Jul2023,stav,nh,10Jul2023stavnh,1295BStorey,1300,"MM,LG",2.5,13.8,73,80,100,Fuschia ,thymifolia,165,165,non,,
10Jul2023,stav,nh,10Jul2023stavnh,1295BStorey,1300,"MM,LG",2.5,13.8,73,80,100,Sidalcea ,malviflora,18,14,native,,
10Jul2023,stav,nh,10Jul2023stavnh,1295BStorey,1300,"MM,LG",2.5,13.8,73,80,100,Hydrangea,quercifolia,12,,non,"""sepal-flowers"" ; buds 90 X 3 = 720 but did not include",
11Jul2023,eawa,h,11Jul2023eawah,401B,1015,"KB,LG",3.5,16.3,89,100,100,Lantana,,408,229,non,,
11Jul2023,eawa,h,11Jul2023eawah,401B,1015,"KB,LG",3.5,16.3,89,100,100,Phacelia ,californica,21,33,native,,
11Jul2023,eawa,h,11Jul2023eawah,401B,1015,"KB,LG",3.5,16.3,89,100,100,Horkelia,californica,1,0,native,,
01Aug2023,stav,c,01Aug2023stavc,1289AStorey,1045,"KB,LG",1.3,16,84,100,100,Fuschia ,thymifolia,319,781,non,,
01Aug2023,stav,c,01Aug2023stavc,1289AStorey,1045,"KB,LG",1.3,16,84,100,100,Hydrangea,quercifolia,7290,1599,non,"these are counts of the small, open buds with repro parts, not the ""sepal-flowers""",
01Aug2023,stav,c,01Aug2023stavc,1289AStorey,1045,"KB,LG",1.3,16,84,100,100,Fumaria,capreolata,310,25,non,,
01Aug2023,stav,h,01Aug2023stavh,1291BStorey,1415,,1.8,18,84,100,100,Phacelia ,californica,966,1148,native,"38 total infl; aveg open fl/infl was 25.44, and aveg closed/infl was 30.22 on this date",
01Aug2023,stav,h,01Aug2023stavh,1291BStorey,1415,,1.8,18,84,100,100,Grindelia,hirsitula,4,3,native,,
01Aug2023,stav,h,01Aug2023stavh,1291BStorey,1415,,1.8,18,84,100,100,Malva,,3,8,non,,
01Aug2023,stav,h,01Aug2023stavh,1291BStorey,1415,,1.8,18,84,100,100,Horkelia,californica,59,0,native,,
01Aug2023,stav,h,01Aug2023stavh,1291BStorey,1415,,1.8,18,84,100,100,Symphyotrichum ,chilense,12,22,native,,
31Jul2023,fosc,nh,31Jul2023foscnh,1203Ralston,1140,"DG,MM",1.3,22.5,20,40,100,Silene ,gallica,6,0,non,,
31Jul2023,fosc,nh,31Jul2023foscnh,1203Ralston,1140,"DG,MM",1.3,22.5,20,40,100,Achillea ,millefolium,838,0,native,,
31Jul2023,fosc,nh,31Jul2023foscnh,1203Ralston,1140,"DG,MM",1.3,22.5,20,40,100,Monardella,villosa,7,2,native,,
31Jul2023,fosc,nh,31Jul2023foscnh,1203Ralston,1140,"DG,MM",1.3,22.5,20,40,100,Eriogonum,latifolium,260,180,native,,
31Jul2023,fosc,h,31Jul2023fosch,1206Ralston,1228,LG,0.8,22,45,30,60,Symphyotrichum ,chilense,4,5,native,,
31Jul2023,fosc,h,31Jul2023fosch,1206Ralston,1228,LG,0.8,22,45,30,60,Horkelia,californica,4,1,native,,
31Jul2023,fosc,c,31Jul2023foscc,1224Upton,1135,LG,0.8,19.7,54,50,80,Sonchus ,oleraceus,1,0,non,,
31Jul2023,fosc,c,31Jul2023foscc,1224Upton,1135,LG,0.8,19.7,54,50,80,Rosa,,4,0,non,,
31Jul2023,wewa,c,31Jul2023wewac,1418AWash,1504,DG,0.8,22.2,84,40,100,,,,0,,no plants flowering,
31Jul2023,wewa,nh,31Jul2023wewanh,1418CWash,1422,DG,0.8,22.2,84,50,100,Eriogonum,latifolium,275,770,native,14 infl,
31Jul2023,wewa,nh,31Jul2023wewanh,1418CWash,1422,DG,0.8,22.2,84,50,100,Achillea ,millefolium,7,0,native,counted individual flowers,
31Jul2023,wewa,nh,31Jul2023wewanh,1418CWash,1422,DG,0.8,22.2,84,50,100,Aeonium,nobilis,4,25,non,counted individual flowers,
11Jul2023,eawa,nh,11Jul2023eawanh,409AWa,1028,DG,3.5,16.3,89,100,100,Hydrangea,,119,544,non,"open means repro parts visible; ""closed"" means in bud.  Did not count ""sepal-flowers""",
11Jul2023,eawa,nh,11Jul2023eawanh,409AWa,1028,DG,3.5,16.3,89,100,100,Limonium,,1,100,non," ""open""= white flower; ""closed"" =purple sepals",
11Jul2023,eawa,c,11Jul2023eawac,407AWa,1130,DG,3.5,16.3,89,50,100,Pittosporum,,22,25,non,,
11Jul2023,wewa,c,11Jul2023wewac,1418AWash,1204,DG,3.5,15.5,80,50,100,,,0,0,,nothing in bloom,
11Jul2023,wewa,nh,11Jul2023wewanh,1418CWash,1140,"KB,LG",3.5,15.5,80,50,100,Eriogonum,latifolium,16,536,native,10 infl,
11Jul2023,wewa,nh,11Jul2023wewanh,1418CWash,1140,"KB,LG",3.5,15.5,80,50,100,Aeonium,nobilis,415,2500,non,15 infl,
11Jul2023,wewa,h,11Jul2023wewah,1420BWa,1115,"LG,KB",3.5,15.5,80,50,100,Horkelia,californica,4,1,native,,
11Jul2023,wewa,h,11Jul2023wewah,1420BWa,1115,"LG,KB",3.5,15.5,80,50,100,Grindelia,stricta,3,2,native,,
11Jul2023,wewa,h,11Jul2023wewah,1420BWa,1115,"LG,KB",3.5,15.5,80,50,100,Leptospermum,laevigatum,3,2,non,laevigatum?,
11Jul2023,wewa,h,11Jul2023wewah,1420BWa,1115,"LG,KB",3.5,15.5,80,50,100,Pelargonium,graveolens,22,12,non,,
11Jul2023,wewa,h,11Jul2023wewah,1420BWa,1115,"LG,KB",3.5,15.5,80,50,100,Calandrinia,grandiflora,43,28,non,,
11Jul2023,wewa,h,11Jul2023wewah,1420BWa,1115,"LG,KB",3.5,15.5,80,50,100,Aeonium,nobilis,13,34,non,,
12Jul2023,mpsu,nh,12Jul2023mpsunh,Mesa/Moraga,1656,"DG,Mmo",1.4,11.5,75,100,100,Dudleya,farinosa,10,20,native,,
12Jul2023,mpsu,nh,12Jul2023mpsunh,Mesa/Moraga,1656,"DG,Mmo",1.4,11.5,75,100,100,Pseudognaphalium,luteoalbum,0,5544,non,360 infl,
12Jul2023,mpsu,nh,12Jul2023mpsunh,Mesa/Moraga,1656,"DG,Mmo",1.4,11.5,75,100,100,Achillea ,millefolium,1872,84,native,13 infl,
12Jul2023,mpsu,nh,12Jul2023mpsunh,Mesa/Moraga,1656,"DG,Mmo",1.4,11.5,75,100,100,Monardella,villosa,154,0,native,6 infl,
12Jul2023,mpsu,nh,12Jul2023mpsunh,Mesa/Moraga,1656,"DG,Mmo",1.4,11.5,75,100,100,Euphorbia,peplus,,,non,did not count,
12Jul2023,mpsu,nh,12Jul2023mpsunh,Mesa/Moraga,1656,"DG,Mmo",1.4,11.5,75,100,100,Coronopus,didymus,,,non,did not count,
12Jul2023,mpsu,nh,12Jul2023mpsunh,Mesa/Moraga,1656,"DG,Mmo",1.4,11.5,75,100,100,Medicago ,polymorpha,0,1,non,,
12Jul2023,mpsu,nh,12Jul2023mpsunh,Mesa/Moraga,1656,"DG,Mmo",1.4,11.5,75,100,100,Sidalcea ,malviflora,0,1,native,,
12Jul2023,mpsu,nh,12Jul2023mpsunh,Mesa/Moraga,1656,"DG,Mmo",1.4,11.5,75,100,100,Eriogonum,latifolium,51,304,native,16 closed infl,
12Jul2023,mpsu,nh,12Jul2023mpsunh,Mesa/Moraga,1656,"DG,Mmo",1.4,11.5,75,100,100,Melilotus,indicus,82,0,non,"""open"" ",
12Jul2023,mpsu,h,12Jul2023mpsuh,Powderhouse,1820,DG,1.4,11.5,75,100,100,Convolvulus,arvensis,160,40,non,,
12Jul2023,mpsu,h,12Jul2023mpsuh,Powderhouse,1820,DG,1.4,11.5,75,100,100,Symphyotrichum ,chilense,2,0,native,,
12Jul2023,mpsu,h,12Jul2023mpsuh,Powderhouse,1820,DG,1.4,11.5,75,100,100,Phacelia ,californica,322,107,native,23 infl,
12Jul2023,mpsu,h,12Jul2023mpsuh,Powderhouse,1820,DG,1.4,11.5,75,100,100,Grindelia,hirsitula,6,0,native,,
12Jul2023,mpsu,h,12Jul2023mpsuh,Powderhouse,1820,DG,1.4,11.5,75,100,100,Pseudognaphalium,luteoalbum,0,2266,non,100 infl,
12Jul2023,mpsu,h,12Jul2023mpsuh,Powderhouse,1820,DG,1.4,11.5,75,100,100,Perideridia,kellogii,352,0,native,"17 infl ;  ""infl"" = 1 ""ball""",
12Jul2023,mpsu,h,12Jul2023mpsuh,Powderhouse,1820,DG,1.4,11.5,75,100,100,Horkelia,californica,41,0,native,,
12Jul2023,mpsu,h,12Jul2023mpsuh,Powderhouse,1820,DG,1.4,11.5,75,100,100,Lysimachia,arvensis,10,0,non,,
12Jul2023,mpsu,h,12Jul2023mpsuh,Powderhouse,1820,DG,1.4,11.5,75,100,100,Fumaria,capreolata,88,0,non,11 infl,
12Jul2023,mpsu,c,12Jul2023mpsuc,Rock Wall,1554,"DG,Mmo",1.3,17.4,83,95,100,Rubus,armeniacus,3,0,non,hybrid ursinus/armeniacus,
12Jul2023,mpsu,c,12Jul2023mpsuc,Rock Wall,1554,"DG,Mmo",1.3,17.4,83,95,100,Cotoneaster,,76,75,non,,
07Aug2023,mpsu,h,07Aug2023mpsuh,Powderhouse,1426,,5,18.6,71,0,100,Pseudognaphalium,luteoalbum,1026,,non,Got windy up to 9.3 mph 140 infl;,
07Aug2023,mpsu,h,07Aug2023mpsuh,Powderhouse,1426,,5,18.6,71,0,100,Horkelia,californica,43,0,native,Got windy up to 9.3 mph ,
07Aug2023,mpsu,h,07Aug2023mpsuh,Powderhouse,1426,,5,18.6,71,0,100,Symphyotrichum ,chilense,35,0,native,Got windy up to 9.3 mph,
07Aug2023,mpsu,h,07Aug2023mpsuh,Powderhouse,1426,,5,18.6,71,0,100,Perideridia,kellogii,873,54,native,"9 ""open"" infl; 1 ""closed"" infl; got windy up to 9.3 mph",
07Aug2023,mpsu,h,07Aug2023mpsuh,Powderhouse,1426,,5,18.6,71,0,100,Convolvulus,arvensis,8,0,non,Got windy up to 9.3 mph,
07Aug2023,mpsu,h,07Aug2023mpsuh,Powderhouse,1426,,5,18.6,71,0,100,Grindelia,hirsitula,15,0,native,Got windy up to 9.3 mph,
07Aug2023,mpsu,h,07Aug2023mpsuh,Powderhouse,1426,,5,18.6,71,0,100,Lysimachia,arvensis,2,0,non,Got windy up to 9.3 mph,
07Aug2023,eawa,nh,07Aug2023eawanh,409WA,954,DG,2.7,20.4,73,0,100,Bellis ,perennis,1,0,non,,
07Aug2023,eawa,nh,07Aug2023eawanh,409WA,954,DG,2.7,20.4,73,0,100,Pseudognaphalium,luteoalbum,98,29,non,8 infl,
07Aug2023,eawa,nh,07Aug2023eawanh,409WA,954,DG,2.7,20.4,73,0,100,Hydrangea,,519,200,non,"""sepal-flowers?""' 30 infl",
07Aug2023,eawa,c,07Aug2023eawac,407A,956,"LG,MM",2.7,20.4,73,0,60,Pittosporum,,4,2,non,,
07Aug2023,ymca,h,07Aug2023ymcah,TennHollowTrailhead,1138,"MM,LG",1.1,21.7,57,0,100,Symphyotrichum ,chilense,96,75,native,,
07Aug2023,ymca,h,07Aug2023ymcah,TennHollowTrailhead,1138,"MM,LG",1.1,21.7,57,0,100,Grevillea,lanigera,14,7326,non,"did not distinguish between very small, bud-like ""curlers"" and full-grown ""curlers""",
07Aug2023,ymca,h,07Aug2023ymcah,TennHollowTrailhead,1138,"MM,LG",1.1,21.7,57,0,100,Grindelia,hirsitula,6,12,native,,
07Aug2023,ymca,h,07Aug2023ymcah,TennHollowTrailhead,1138,"MM,LG",1.1,21.7,57,0,100,Horkelia,californica,4,0,native,,
07Aug2023,ymca,h,07Aug2023ymcah,TennHollowTrailhead,1138,"MM,LG",1.1,21.7,57,0,100,Convolvulus,arvensis,2,0,non,,
07Aug2023,ymca,h,07Aug2023ymcah,TennHollowTrailhead,1138,"MM,LG",1.1,21.7,57,0,100,Epilobium ,,9,0,native,,
07Aug2023,ymca,h,07Aug2023ymcah,TennHollowTrailhead,1138,"MM,LG",1.1,21.7,57,0,100,Geranium,dissectum,1,0,non,,
07Aug2023,ymca,h,07Aug2023ymcah,TennHollowTrailhead,1138,"MM,LG",1.1,21.7,57,0,100,Lysimachia,arvensis,1,0,non,,
07Aug2023,ymca,c,07Aug2023ymcac,traffic circle,1140,DG,1.1,21.7,57,0,100,Grevillea,lanigera,5,8,non,"although thousands of tiny red buds, not yet ""curling""",
07Aug2023,ymca,nh,07Aug2023ymcanh,Lincoln/Funston,1226,DG,1.1,21.7,57,0,100,Grevillea,lanigera,0,5200,non,"these are mostly small buds, barely starting to ""curl""; may decide to go with 0 total flowers",
07Aug2023,ymca,nh,07Aug2023ymcanh,Lincoln/Funston,1226,DG,1.1,21.7,57,0,100,Achillea ,millefolium,430,0,native,,
07Aug2023,ymca,nh,07Aug2023ymcanh,Lincoln/Funston,1226,DG,1.1,21.7,57,0,100,Monardella,villosa,22,11,native,3 infl,
07Aug2023,ymca,nh,07Aug2023ymcanh,Lincoln/Funston,1226,DG,1.1,21.7,57,0,100,Eriogonum,latifolium,152,170,native,7 infl,
07Aug2023,mpsu,nh,07Aug2023mpsunh,,1443,"DG,LG",2.1,21.1,66,0,100,Monardella,villosa,164,0,native,82 infl,
07Aug2023,mpsu,nh,07Aug2023mpsunh,,1443,"DG,LG",2.1,21.1,66,0,100,Achillea ,millefolium,7235,0,native,58 infl,
07Aug2023,mpsu,nh,07Aug2023mpsunh,,1443,"DG,LG",2.1,21.1,66,0,100,Dudleya,farinosa,13,15,native,,
07Aug2023,mpsu,nh,07Aug2023mpsunh,,1443,"DG,LG",2.1,21.1,66,0,100,Lysimachia,arvensis,2,0,non,,
07Aug2023,mpsu,nh,07Aug2023mpsunh,,1443,"DG,LG",2.1,21.1,66,0,100,Erigeron ,bonariensis,0,150,non,,
07Aug2023,mpsu,nh,07Aug2023mpsunh,,1443,"DG,LG",2.1,21.1,66,0,100,Eriogonum,latifolium,192,1350,native,"note; ""mixed"" open+ closed infl's were counted and averaged, and purely ""closed"" were counted and aveg.  So this is likely an over-estimation of total ""open""; 10 ""mixed infl"", and 10 ""closed"" infl",
07Aug2023,mpsu,c,07Aug2023mpsuc,Rock Wall,1416,LG,2.1,21.1,66,0,98,,,0,,,nothing in bloom,
07Aug2023,eawa,h,07Aug2023eawah,401BWa,1017,"LG,MM",2.7,20.4,73,0,100,Horkelia,californica,3,2,native,,
07Aug2023,eawa,h,07Aug2023eawah,401BWa,1017,"LG,MM",2.7,20.4,73,0,100,Lantana,,54,0,non,,
07Aug2023,eawa,h,07Aug2023eawah,401BWa,1017,"LG,MM",2.7,20.4,73,0,100,Symphyotrichum ,chilense,2,0,native,,
07Aug2023,eawa,h,07Aug2023eawah,401BWa,1017,"LG,MM",2.7,20.4,73,0,100,Perideridia,kellogii,276,0,native,3 infl,
01Aug2023,stav,nh,01Aug2023stavnh,1295BStorey,1341,DG,1.8,18,84,100,100,Achillea ,millefolium,3800,0,native,20 infl,
01Aug2023,stav,nh,01Aug2023stavnh,1295BStorey,1341,DG,1.8,18,84,100,100,Sidalcea ,malviflora,4,0,native,,
01Aug2023,stav,nh,01Aug2023stavnh,1295BStorey,1341,DG,1.8,18,84,100,100,Fuschia,thymifolia,6,20,non,,
01Aug2023,stav,nh,01Aug2023stavnh,1295BStorey,1341,DG,1.8,18,84,100,100,Campanula,,30,10,non,,
01Aug2023,stav,nh,01Aug2023stavnh,1295BStorey,1341,DG,1.8,18,84,100,100,Agapanthus,,132,384,non,,
01Aug2023,stav,nh,01Aug2023stavnh,1295BStorey,1341,DG,1.8,18,84,100,100,Sonchus ,oleraceus,4,0,non,,
01Aug2023,stav,nh,01Aug2023stavnh,1295BStorey,1341,DG,1.8,18,84,100,100,Hydrangea,quercifolia,2000,,non,used aveg of 400 open buds/infl; did not check for closed #'s,
24Jul2023,stav,h,24Jul2023stavh,1291BStorey,1620,,,,,,,Phacelia ,californica,2639,5379,native,99 infl,
24Jul2023,stav,h,24Jul2023stavh,1291BStorey,1620,,,,,,,Grindelia,hirsitula,4,0,native,,
24Jul2023,stav,h,24Jul2023stavh,1291BStorey,1620,,,,,,,Ranunculus,californica,2,6,native,,
24Jul2023,stav,h,24Jul2023stavh,1291BStorey,1620,,,,,,,Horkelia,californica,40,0,native,,
24Jul2023,stav,h,24Jul2023stavh,1291BStorey,1620,,,,,,,Malva,,1,2,non,,
24Jul2023,stav,c,24Jul2023stavc,1289AStorey,1610,DG,,,,,,Hydrangea,quercifolia,4800,0,non,"12 infl - this only counts the small bud flowers, and not the ""sepal-flowers""",
24Jul2023,stav,c,24Jul2023stavc,1289AStorey,1610,DG,,,,,,Fuschia ,thymifolia,57,460,non,used Aug 1st cube measurements of 42 total cubes,
24Jul2023,stav,c,24Jul2023stavc,1289AStorey,1610,DG,,,,,,Fumaria,capreolata,160,0,non,,
10Jul2023,stav,c,10Jul2023stavc,1289AStorey,1600,"MM,LG",2.5,13.8,73,80,100,Hydrangea,quercifolia,344,,non,"""sepal-flower"" count, not the small buds with repro parts",
10Jul2023,stav,c,10Jul2023stavc,1289AStorey,1600,"MM,LG",2.5,13.8,73,80,100,Fumaria,capreolata,90,0,non,,
10Jul2023,stav,c,10Jul2023stavc,1289AStorey,1600,"MM,LG",2.5,13.8,73,80,100,Fuschia ,thymifolia,84,399,non,used 42 cubes,
24Jul2023,stav,nh,24Jul2023stavnh,1295BStorey,1541,,4.8,17.6,78,0,100,Achillea ,millefolium,3776,48,native,16 infl,
24Jul2023,stav,nh,24Jul2023stavnh,1295BStorey,1541,,4.8,17.6,78,0,100,Fuschia,thymifolia,49,46,non,,
24Jul2023,stav,nh,24Jul2023stavnh,1295BStorey,1541,,4.8,17.6,78,0,100,Agapanthus,,212,879,non,,
24Jul2023,stav,nh,24Jul2023stavnh,1295BStorey,1541,,4.8,17.6,78,0,100,Campanula,,81,25,non,,
24Jul2023,stav,nh,24Jul2023stavnh,1295BStorey,1541,,4.8,17.6,78,0,100,Sidalcea ,malviflora,2,6,non,,
24Jul2023,stav,nh,24Jul2023stavnh,1295BStorey,1541,,4.8,17.6,78,0,100,Hydrangea,quercifolia,200,400,non,"not sure how they estimated this, and if counting ""sepal-petals"" or buds.",
14Aug2023,lile,c,14Aug2023lilec,median strip,950,KB,0,22,64,80,100,Rumex,acetosella,,,non,5 plants,
14Aug2023,lile,h,14Aug2023lileh,,1009,"DG,KB",0,22,64,88,100,Calandrinia,grandiflora,50,20,non,,
14Aug2023,lile,h,14Aug2023lileh,,1009,"DG,KB",0,22,64,88,100,Phacelia ,californica,8,1,native,,
14Aug2023,lile,h,14Aug2023lileh,,1009,"DG,KB",0,22,64,88,100,Horkelia,californica,4,0,native,,
14Aug2023,lile,h,14Aug2023lileh,,1009,"DG,KB",0,22,64,88,100,Symphyotrichum ,chilense,4,2,native,,
14Aug2023,lile,h,14Aug2023lileh,,1009,"DG,KB",0,22,64,88,100,Grindelia,hirsitula,1,0,native,,
14Aug2023,lile,h,14Aug2023lileh,,1009,"DG,KB",0,22,64,88,100,Cotyledon,orbiculata,12,2,non,,
14Aug2023,lile,nh,14Aug2023lilenh,,1135,"KB,DG",0,22,64,80,100,Achillea ,millefolium,230,0,native,,
14Aug2023,lile,nh,14Aug2023lilenh,,1135,"KB,DG",0,22,64,80,100,Monardella,villosa,14,0,native,,
14Aug2023,lile,nh,14Aug2023lilenh,,1135,"KB,DG",0,22,64,80,100,Eriogonum,latifolium,0,16,native,,
09Aug2023,shta,h,09Aug2023shtah,,1233,DG,1.4,17.8,90,30,100,Horkelia,californica,110,0,native,flowers counted on 8/7,
09Aug2023,shta,h,09Aug2023shtah,,1233,DG,1.4,17.8,90,30,100,Grevillea,lanigera,250,7966,non,flowers counted on 8/7,
09Aug2023,shta,h,09Aug2023shtah,,1233,DG,1.4,17.8,90,30,100,Symphyotrichum ,chilense,3,0,native,flowers counted on 8/7,
09Aug2023,shta,h,09Aug2023shtah,,1233,DG,1.4,17.8,90,30,100,Euphorbia,peplus,,,non,"flowers counted on 8/7; did not count flwr, 10 plants",
09Aug2023,shta,c,09Aug2023shtac,,1154,DG,1.3,24.6,62,1,85,Grevillea,lanigera,50,1266,non,,
09Aug2023,shta,c,09Aug2023shtac,,1154,DG,1.3,24.6,62,1,85,Medicago ,lupulina,40,40,non,10 infl,
09Aug2023,shta,c,09Aug2023shtac,,1154,DG,1.3,24.6,62,1,85,Plantago,erecta,10,,non,1 infl,
09Aug2023,shta,nh,09Aug2023shtanh,OsoandMe,1605,DG,1,18.3,81,100,100,Achillea ,millefolium,11212,2746,native,65 infl,
09Aug2023,shta,nh,09Aug2023shtanh,OsoandMe,1605,DG,1,18.3,81,100,100,Monardella,villosa,413,100,native,28 infl,
09Aug2023,shta,nh,09Aug2023shtanh,OsoandMe,1605,DG,1,18.3,81,100,100,Grevillea,lanigera,80,3500,non,20 boxes,"combined ""big curls"" with ""little curls"""
09Aug2023,shta,nh,09Aug2023shtanh,OsoandMe,1605,DG,1,18.3,81,100,100,Eschscholzia,californica,0,1,native,,
09Aug2023,shta,nh,09Aug2023shtanh,OsoandMe,1605,DG,1,18.3,81,100,100,Eriogonum,latifolium,5450,3053,native,43 infl,
14Aug2023,wywe,c,14Aug2023wywec,fire hydrant,1553,DG,1.7,19.6,70,25,100,,,0,0,,nothing blooming,
14Aug2023,wywe,h,14Aug2023wyweh,14thAvegate,1623,DG,1.7,19.6,70,25,100,Melilotus,indicus,0,39,non,3 infl,
14Aug2023,wywe,h,14Aug2023wyweh,14thAvegate,1623,DG,1.7,19.6,70,25,100,Hebe,speciosa,5,0,non,1 infl,
16Aug2023,stav,c,16Aug2023stavc,1289AStorey,1218,LG,,,,40,50,Fuschia,thymifolia,168,1323,non,used Aug 1st cube measurements of 42 total cubes,
16Aug2023,stav,c,16Aug2023stavc,1289AStorey,1218,LG,,,,40,50,Hydrangea,quercifolia,265,,non,"""sepal-flowers""",
16Aug2023,stav,c,16Aug2023stavc,1289AStorey,1218,LG,,,,40,50,Hydrangea,quercifolia,805,,non,"flowers ""buds"" with repro parts showing",
16Aug2023,stav,c,16Aug2023stavc,1289AStorey,1218,LG,,,,40,50,Fumaria,capreolata,22,0,non,,
16Aug2023,wewa,h,16Aug2023wewah,1420B,1500,LG,0.8,19.2,81,50,100,Grindelia,hirsitula,5,5,native,,
16Aug2023,wewa,h,16Aug2023wewah,1420B,1500,LG,0.8,19.2,81,50,100,Symphyotrichum ,chilense,1,6,native,,
16Aug2023,wewa,h,16Aug2023wewah,1420B,1500,LG,0.8,19.2,81,50,100,Calandrinia,grandiflora,9,21,non,,
16Aug2023,wewa,h,16Aug2023wewah,1420B,1500,LG,0.8,19.2,81,50,100,Pelargonium,,32,10,,,
16Aug2023,wewa,c,16Aug2023wewac,1418AWash,1502,DG,0.8,19.2,81,90,100,,,0,0,,nothing in flower,
16Aug2023,wewa,nh,16Aug2023wewanh,1418CWash,1528,DG,0.8,19.2,81,95,100,Eriogonum,latifolium,354,375,native,15 infl,
16Aug2023,wewa,nh,16Aug2023wewanh,1418CWash,1528,DG,0.8,19.2,81,95,100,Achillea ,millefolium,9,0,native,,
16Aug2023,wewa,nh,16Aug2023wewanh,1418CWash,1528,DG,0.8,19.2,81,95,100,Pseudognaphalium,luteoalbum,0,24,non,,
16Aug2023,wewa,nh,16Aug2023wewanh,1418CWash,1528,DG,0.8,19.2,81,95,100,Aeonium,nobilis,14,30,non,,
16Aug2023,fosc,c,16Aug2023foscc,1224Upton,1025,LG,,19.7,53,40,30,Hypochaeris,radicata,2,0,non,,
16Aug2023,fosc,nh,16Aug2023foscnh,1203Ralston,1058,LG,1.3,20.4,65,1,100,Achillea ,millefolium,41,70,native,"200 senesced flowers, but with white petals",
16Aug2023,fosc,nh,16Aug2023foscnh,1203Ralston,1058,LG,1.3,20.4,65,1,100,Monardella,villosa,19,0,native,,
16Aug2023,fosc,nh,16Aug2023foscnh,1203Ralston,1058,LG,1.3,20.4,65,1,100,Eriogonum,latifolium,0,45,native,,
16Aug2023,fosc,h,16Aug2023fosch,1206Ralston,1041,DG,1.3,20.4,65,45,100,Symphyotrichum ,chilense,5,1,native,,
16Aug2023,fosc,h,16Aug2023fosch,1206Ralston,1041,DG,1.3,20.4,65,45,100,Plantago,lanceolata,45,0,non,"2 infl; ""open"" is counting stamens",
16Aug2023,fosc,h,16Aug2023fosch,1206Ralston,1041,DG,1.3,20.4,65,45,100,Horkelia,californica,8,0,native,,
14Aug2023,fscg,c,14Aug2023fscgc,Stone stairs,1420,KB,1.1,17,84,80,100,,,0,0,,nothing in flower,
14Aug2023,fscg,h,14Aug2023fscgh,,1355,DG,1.1,17,84,100,100,Nepeta,cataria,1394,714,non,102 infl,
14Aug2023,fscg,h,14Aug2023fscgh,,1355,DG,1.1,17,84,100,100,Fragaria,,11,0,native,,
14Aug2023,fscg,h,14Aug2023fscgh,,1355,DG,1.1,17,84,100,100,Symphyotrichum ,chilense,14,15,native,,
14Aug2023,fscg,h,14Aug2023fscgh,,1355,DG,1.1,17,84,100,100,Lysimachia,arvensis,13,2,non,,
14Aug2023,fscg,h,14Aug2023fscgh,,1355,DG,1.1,17,84,100,100,Nigella,,3,6,non,,
14Aug2023,fscg,h,14Aug2023fscgh,,1355,DG,1.1,17,84,100,100,Oxalis,corniculata,5,5,non,,
14Aug2023,fscg,h,14Aug2023fscgh,,1355,DG,1.1,17,84,100,100,Epilobium ,ciliata,8,60,native,,
14Aug2023,fscg,nh,14Aug2023fscgnh,,1259,DG,1.1,17,84,100,100,Daucus,carota,136,92,non,1 infl,
14Aug2023,fscg,nh,14Aug2023fscgnh,,1259,DG,1.1,17,84,100,100,Digitalis,white,92,37,non,,
14Aug2023,fscg,nh,14Aug2023fscgnh,,1259,DG,1.1,17,84,100,100,Digitalis,purple,7,3,non,,
14Aug2023,fscg,nh,14Aug2023fscgnh,,1259,DG,1.1,17,84,100,100,Tropaeolum,majus,12,0,non,,
14Aug2023,fscg,nh,14Aug2023fscgnh,,1259,DG,1.1,17,84,100,100,Achillea ,millefolium,115,0,native,,
14Aug2023,wywe,nh,14Aug2023wywenh,,1605,KB,1.7,19.6,70,25,100,Achillea ,millefolium,161,0,native,,
21Aug2023,shta,h,21Aug2023shtah,,1135,DG,2,23.1,67,70,100,Symphyotrichum ,chilense,23,0,native,,
21Aug2023,shta,h,21Aug2023shtah,,1135,DG,2,23.1,67,70,100,Horkelia,californica,45,0,native,,
21Aug2023,shta,h,21Aug2023shtah,,1135,DG,2,23.1,67,70,100,Phacelia ,californica,6,5,native,,
21Aug2023,shta,h,21Aug2023shtah,,1135,DG,2,23.1,67,70,100,Grevillea,lanigera,1745,4004,non,,
21Aug2023,shta,h,21Aug2023shtah,,1135,DG,2,23.1,67,70,100,Grindelia,hirsitula,1,0,native,,
21Aug2023,ymca,c,21Aug2023ymcac,,1325,LG,0.6,19.6,77,100,100,Grevillea,lanigera,0,23541,ornamental,"using 113 Boxes, and this date as the standard.",
21Aug2023,ymca,c,21Aug2023ymcac,,1325,LG,0.6,19.6,77,100,100,Oxalis,corniculata,1,0,weedy,,
21Aug2023,ymca,nh,21Aug2023ymcanh,,1400,LG,0.6,19.6,77,10,100,Monardella,villosa,7,0,native,,
21Aug2023,ymca,nh,21Aug2023ymcanh,,1400,LG,0.6,19.6,77,10,100,Grevillea,lanigera,0,14025,ornamental,"""small"" flowers; used 51 boxes as it was measured this date as well",
21Aug2023,ymca,nh,21Aug2023ymcanh,,1400,LG,0.6,19.6,77,10,100,Sonchus ,,1,0,weedy,,
21Aug2023,ymca,nh,21Aug2023ymcanh,,1400,LG,0.6,19.6,77,10,100,Eriogonum,latifolium,80,0,native,,
21Aug2023,ymca,h,21Aug2023ymcah,TennHollowTrailhead,1330,"MM,DG",0.6,19.6,77,100,100,Grindelia,hirsitula,5,4,native,,
21Aug2023,ymca,h,21Aug2023ymcah,TennHollowTrailhead,1330,"MM,DG",0.6,19.6,77,100,100,Symphyotrichum ,chilense,145,18,native,,
21Aug2023,ymca,h,21Aug2023ymcah,TennHollowTrailhead,1330,"MM,DG",0.6,19.6,77,100,100,Horkelia,californica,4,0,native,,
21Aug2023,ymca,h,21Aug2023ymcah,TennHollowTrailhead,1330,"MM,DG",0.6,19.6,77,100,100,Grevillea,lanigera,22,11532,ornamental,,
21Aug2023,shta,nh,21Aug2023shtanh,OsoandMe,1206,LG,,,,50,100,Achillea ,millefolium,6624,0,native,43 infl,
21Aug2023,shta,nh,21Aug2023shtanh,OsoandMe,1206,LG,,,,50,100,Calandrinia,grandiflora,14,23,ornamental,,
21Aug2023,shta,nh,21Aug2023shtanh,OsoandMe,1206,LG,,,,50,100,Eschscholzia,californica,5,0,native,,
21Aug2023,shta,nh,21Aug2023shtanh,OsoandMe,1206,LG,,,,50,100,Grevillea,lanigera,821,4794,ornamental,"combined closed ""big"" and ""small""",
21Aug2023,shta,nh,21Aug2023shtanh,OsoandMe,1206,LG,,,,50,100,Eriogonum,latifolium,8488,3483,native,55 infl,
21Aug2023,shta,nh,21Aug2023shtanh,OsoandMe,1206,LG,,,,50,100,Monardella,villosa,49,0,native,,
21Aug2023,shta,nh,21Aug2023shtanh,OsoandMe,1206,LG,,,,50,100,Fragaria,chiloensis,1,0,native,,
21Aug2023,shta,nh,21Aug2023shtanh,OsoandMe,1206,LG,,,,50,100,Lysimachia,arvensis,6,2,weedy,,
21Aug2023,shta,c,21Aug2023shtac,,1130,LG,,,,30,70,Medicago ,lupulina,45,0,weedy,,
21Aug2023,shta,c,21Aug2023shtac,,1130,LG,,,,30,70,Grevillea,lanigera,42,2275,ornamental,"combined closed ""big"" and ""small""",
21Aug2023,mpsu,nh,21Aug2023mpsunh,Mesa/Moraga,924,LG,2,18.4,96,80,100,Erodium ,moschatum,1,0,weedy,,
21Aug2023,mpsu,nh,21Aug2023mpsunh,Mesa/Moraga,924,LG,2,18.4,96,80,100,Achillea ,millefolium,6300,0,native,42 infl,
21Aug2023,mpsu,nh,21Aug2023mpsunh,Mesa/Moraga,924,LG,2,18.4,96,80,100,Monardella,villosa,390,0,native,26 infl,
21Aug2023,mpsu,nh,21Aug2023mpsunh,Mesa/Moraga,924,LG,2,18.4,96,80,100,Dudleya,farinosa,1,10,native,,
21Aug2023,mpsu,nh,21Aug2023mpsunh,Mesa/Moraga,924,LG,2,18.4,96,80,100,Eriogonum,bonariensis,0,201,weedy,,
21Aug2023,mpsu,nh,21Aug2023mpsunh,Mesa/Moraga,924,LG,2,18.4,96,80,100,Sonchus ,,6,3,weedy,,
21Aug2023,mpsu,nh,21Aug2023mpsunh,Mesa/Moraga,924,LG,2,18.4,96,80,100,Pseudognaphalium,luteoalbum,0,220,weedy,,
21Aug2023,mpsu,nh,21Aug2023mpsunh,Mesa/Moraga,924,LG,2,18.4,96,80,100,Lysimachia,arvensis,1,1,weedy,,
21Aug2023,mpsu,nh,21Aug2023mpsunh,Mesa/Moraga,924,LG,2,18.4,96,80,100,Eriogonum,latifolium,1632,0,native,,
21Aug2023,mpsu,c,21Aug2023mpsuc,Rock Wall,1019,DG,0.5,18.4,96,100,100,,,0,0,,nothing in flower,
21Aug2023,mpsu,h,21Aug2023mpsuh,Powderhouse,935,DG,2,18.4,96,98,100,Symphyotrichum ,chilense,60,3,native,,
21Aug2023,mpsu,h,21Aug2023mpsuh,Powderhouse,935,DG,2,18.4,96,98,100,Pseudognaphalium,luteoalbum,0,2860,weedy,260 infl,
21Aug2023,mpsu,h,21Aug2023mpsuh,Powderhouse,935,DG,2,18.4,96,98,100,Horkelia,californica,40,0,native,,
21Aug2023,mpsu,h,21Aug2023mpsuh,Powderhouse,935,DG,2,18.4,96,98,100,Convolvulus,arvensis,2,0,weedy,,
21Aug2023,mpsu,h,21Aug2023mpsuh,Powderhouse,935,DG,2,18.4,96,98,100,Grindelia,stricta,3,2,native,,
21Aug2023,mpsu,h,21Aug2023mpsuh,Powderhouse,935,DG,2,18.4,96,98,100,Grindelia,hirsitula,7,0,native,,
21Aug2023,mpsu,h,21Aug2023mpsuh,Powderhouse,935,DG,2,18.4,96,98,100,Perideridia,kellogii,,,native,"3 infl; ""infl"" = ""umbel of umbels""; actual #'s available on data sheet",
16Aug2023,stav,h,16Aug2023stavh,1291BStorey,1225,DG,3.4,18.4,74,35,100,Phacelia ,californica,202,117,native,16 infl,
16Aug2023,stav,h,16Aug2023stavh,1291BStorey,1225,DG,3.4,18.4,74,35,100,Symphyotrichum ,chilense,140,0,native,,
16Aug2023,stav,h,16Aug2023stavh,1291BStorey,1225,DG,3.4,18.4,74,35,100,Grindelia,hirsitula,10,2,native,,
16Aug2023,stav,h,16Aug2023stavh,1291BStorey,1225,DG,3.4,18.4,74,35,100,Horkelia,californica,30,0,native,,
16Aug2023,stav,h,16Aug2023stavh,1291BStorey,1225,DG,3.4,18.4,74,35,100,Loropetalum,chinense,2,0,ornamental,,
16Aug2023,stav,nh,16Aug2023stavnh,1295BStorey,1319,LG,3.7,18.9,74,100,100,Achillea ,millefolium,2140,500,native,22 infl,
16Aug2023,stav,nh,16Aug2023stavnh,1295BStorey,1319,LG,3.7,18.9,74,100,100,Agapanthus,,105,184,ornamental,15 infl,
16Aug2023,stav,nh,16Aug2023stavnh,1295BStorey,1319,LG,3.7,18.9,74,100,100,Sidalcea ,malviflora,1,0,native,,
16Aug2023,stav,nh,16Aug2023stavnh,1295BStorey,1319,LG,3.7,18.9,74,100,100,Monardella,villosa,0,8,native,,
16Aug2023,stav,nh,16Aug2023stavnh,1295BStorey,1319,LG,3.7,18.9,74,100,100,Calandrinia,ciliata,2,0,native,,
16Aug2023,stav,nh,16Aug2023stavnh,1295BStorey,1319,LG,3.7,18.9,74,100,100,Fuschia,thymifolia,3,4,ornamental,,
16Aug2023,stav,nh,16Aug2023stavnh,1295BStorey,1319,LG,3.7,18.9,74,100,100,Sonchus ,oleraceus,2,1,weedy,,
30Aug2023,wewa,c,30Aug2023wewac,1418AWash,1509,DG,1.3,23.8,41,0,100,,,0,0,,nothing in flower,
30Aug2023,fscg,c,30Aug2023fscgc,Rock staircase,1109,"Mmo, DG",0.7,23,87,0,100,Salvia,rosmarinus,16,0,ornamental,these were cut flowers on the ground,
30Aug2023,fscg,nh,30Aug2023fscgnh,,1305,DG,1,28.5,25,0,100,Achillea ,millefolium,0,120,native,,
30Aug2023,fscg,nh,30Aug2023fscgnh,,1305,DG,1,28.5,25,0,100,Sidalcea ,malviflora,1,0,native,,
30Aug2023,fscg,nh,30Aug2023fscgnh,,1305,DG,1,28.5,25,0,100,Daucus,carota,2029,0,ornamental,"3 infl = 3 ""umbels of umbels""",
30Aug2023,fscg,nh,30Aug2023fscgnh,,1305,DG,1,28.5,25,0,100,Tropaeolum,majus,4,1,ornamental,,
30Aug2023,fscg,nh,30Aug2023fscgnh,,1305,DG,1,28.5,25,0,100,Digitalis,white,12,15,ornamental,,
30Aug2023,fscg,nh,30Aug2023fscgnh,,1305,DG,1,28.5,25,0,100,Digitalis,purple,1,0,ornamental,,
30Aug2023,fscg,nh,30Aug2023fscgnh,,1305,DG,1,28.5,25,0,100,Eriogonum,latifolium,47,40,native,3 infl,
18Sep2023,lile,h,18Sep2023lileh,,1333,"DG,MM",,,,0,100,Symphyotrichum ,chilense,10,12,native,,
18Sep2023,lile,h,18Sep2023lileh,,1333,"DG,MM",,,,0,100,Calandrinia,grandiflora,5,5,ornamental,,
05Sept2023,fosc,c,05Sept2023foscc,1224Upton,1447,LG,1.3,19,70,95,100,,,0,0,,nothing in flower,
05Sept2023,fosc,nh,05Sept2023foscnh,,1605,LG,2,16,70,100,98,Eriogonum,latifolium,32,300,native,,
03Sept2023,lile,nh,03Sept2023lilenh,,1020,LG,1,17,89,100,100,Achillea ,millefolium,550,0,native,5 infl,
03Sept2023,eawa,c,03Sept2023eawac,407AWa,1148,LG,1.8,18.7,73,50,95,Pittosporum,tobira,15,15,ornamental,,
03Sept2023,eawa,h,03Sept2023eawah,401BWa,1215,LG,1.8,18.7,73,50,100,Lantana,,950,0,ornamental,used 25 total boxes,
03Sept2023,eawa,h,03Sept2023eawah,401BWa,1215,LG,1.8,18.7,73,50,100,Symphyotrichum ,chilense,20,0,native,,
30Aug2023,wewa,nh,30Aug2023wewanh,1418CWash,1543,DG,,,,,,Aeonium,nobilis,2,2,ornamental,,
30Aug2023,wewa,nh,30Aug2023wewanh,1418CWash,1543,DG,,,,,,Eriogonum,latifolium,820,136,12 infl,,
30Aug2023,fscg,h,30Aug2023fscgh,,1345,DG,,,,0,100,Symphyotrichum ,chilense,40,0,native,,
30Aug2023,fscg,h,30Aug2023fscgh,,1345,DG,,,,0,100,Nigella,,1,0,ornamental,maroon-color,
30Aug2023,fscg,h,30Aug2023fscgh,,1345,DG,,,,0,100,Epilobium ,ciliata,50,15,native,"""weedy"" as well",
30Aug2023,fscg,h,30Aug2023fscgh,,1345,DG,,,,0,100,Nepeta,cataria,135,30,ornamental,9 infl  (double check # of infl!),
30Aug2023,fscg,h,30Aug2023fscgh,,1345,DG,,,,0,100,Fumaria,capreolata,20,0,weedy,,
30Aug2023,fscg,h,30Aug2023fscgh,,1345,DG,,,,0,100,Lysimachia,arvensis,28,0,weedy,,
30Aug2023,fscg,h,30Aug2023fscgh,,1345,DG,,,,0,100,Fragaria,,3,0,ornamental,not sure which species,
30Aug2023,fscg,h,30Aug2023fscgh,,1345,DG,,,,0,100,Oxalis,dillenii?,1,12,weedy,,
30Aug2023,fscg,h,30Aug2023fscgh,,1345,DG,,,,0,100,Malva,,1,2,weedy,,
18Sep2023,wywe,h,18Sep2023wyweh,14thAvegate,1108,DG,0.6,25.4,50,80,100,Grindelia,stricta,1,0,native,,
18Sep2023,wywe,h,18Sep2023wyweh,14thAvegate,1108,DG,0.6,25.4,50,80,100,Symphyotrichum ,chilense,4,5,native,,
18Sep2023,wywe,c,18Sep2023wywec,fire hydrant,1220,MM,0.6,25.4,50,5,100,Salvia,rosmarinus,35,0,ornamental,,
18Sep2023,wewa,nh,18Sep2023wewanh,1418CWash,1509,DG,0.8,23.7,53,0,100,Eriogonum,latifolium,360,0,native,9 infl,
18Sep2023,wewa,nh,18Sep2023wewanh,1418CWash,1509,DG,0.8,23.7,53,0,100,Aeonium,nobilis,0,50,ornamental,,
18Sep2023,wewa,h,18Sep2023wewah,1420BWa,1533,MM,0.8,23.7,53,0,10,Calandrinia,grandiflora,14,11,ornamental,,
18Sep2023,wewa,h,18Sep2023wewah,1420BWa,1533,MM,0.8,23.7,53,0,10,Symphyotrichum ,chilense,2,6,native,,
18Sep2023,wewa,h,18Sep2023wewah,1420BWa,1533,MM,0.8,23.7,53,0,10,Grindelia,hirsitula,5,2,native,,
18Sep2023,wewa,h,18Sep2023wewah,1420BWa,1533,MM,0.8,23.7,53,0,10,Pelargonium,,4,0,ornamental,,
18Sep2023,wewa,c,18Sep2023wewac,1418AWash,1509,MM,0.8,23.7,53,0,90,,,0,0,,nothing in flower,
18Sep2023,lile,c,18Sep2023lilec,,1308,DG,1.3,23,53,0,100,,,0,0,,nothing in flower,
18Sep2023,lile,nh,18Sep2023lilenh,,1308,MM,1.3,23,53,0,100,,,0,0,,nothing in flower,
25Sep2023,eawa,nh,25Sep2023eawanh,409AWa,1505,"DG,SG",1.5,70,57,50,25,Hydrangea,,1550,0,ornamental,"environmental data from 1724pm because forgot to take on-site.  these are the ""sepal-flowers"", no actual repro parts; 62 infl",
25Sep2023,eawa,nh,25Sep2023eawanh,409AWa,1505,"DG,SG",1.5,70,57,50,25,Bellis ,perennis,3,0,weedy,environmental data from 1724pm ,
25Sep2023,eawa,nh,25Sep2023eawanh,409AWa,1505,"DG,SG",1.5,70,57,50,25,Epilobium ,ciliata,4,4,native,environmental data from 1724pm ,
25Sep2023,eawa,nh,25Sep2023eawanh,409AWa,1505,"DG,SG",1.5,70,57,50,25,Erigeron,,120,1800,weedy,"environmental data from 1724pm, ""horseweed ",
25Sep2023,eawa,nh,25Sep2023eawanh,409AWa,1505,"DG,SG",1.5,70,57,50,25,Erigeron,bonariensis,0,70,weedy,environmental data from 1724pm ,
25Sep2023,eawa,nh,25Sep2023eawanh,409AWa,1505,"DG,SG",1.5,70,57,50,25,Pseudognaphalium,luteoalbum,0,715,weedy,65 infl; environmental data from 1724pm,
25Sep2023,eawa,nh,25Sep2023eawanh,409AWa,1505,"DG,SG",1.5,70,57,50,25,Eriogonum,latifolium,1,84,native,4 infl; environmental data from 1724 pm,
25Sep2023,stav,nh,25Sep2023stavnh,1295BStorey,1326,DG,,,,35,5,Achillea ,millefolium,1405,0,native,"4 infl (counted each); 5% in sun, but quite warm",
25Sep2023,stav,nh,25Sep2023stavnh,1295BStorey,1326,DG,,,,35,5,Agapanthus,,23,6,ornamental,,
25Sep2023,stav,nh,25Sep2023stavnh,1295BStorey,1326,DG,,,,35,5,Monardella,villosa,1,0,native,,
25Sep2023,eawa,c,25Sep2023eawac,407AWa,1536,"KB,MM",,,,,,Pittosporum,tobira,125,317,ornamental,they forgot the cloud and % sun,
25Sep2023,eawa,h,25Sep2023eawah,401BWa,1450,"KB,MM",,,,50,,Lantana,,2308,0,ornamental,,
25Sep2023,eawa,h,25Sep2023eawah,401BWa,1450,"KB,MM",,,,50,,Symphyotrichum ,chilense,11,0,native,,
18Sep2023,wywe,nh,18Sep2023wywenh,wyman/brown,955,DG,0.8,20.5,85,80,100,Achillea ,millefolium,156,20,native,1.5 infl,
18Sep2023,wywe,nh,18Sep2023wywenh,wyman/brown,955,DG,0.8,20.5,85,80,100,Monardella,villosa,292,0,native,,
18Sep2023,wywe,nh,18Sep2023wywenh,wyman/brown,955,DG,0.8,20.5,85,80,100,Medicago ,polymorpha,0,25,weedy,,
25Sep2023,stav,c,25Sep2023stavc,1289AStorey,1236,"DG,PPS",,,,95,100,Fuschia,thymifolia,126,598,ornamental,,
25Sep2023,stav,c,25Sep2023stavc,1289AStorey,1236,"DG,PPS",,,,95,100,Hydrangea,quercifolia,1000,400,ornamental,"100 refers to buds with repro parts showing, closed is closed buds.  There were also 110 sepal-flowers not put into totals",
25Sep2023,stav,c,25Sep2023stavc,1289AStorey,1236,"DG,PPS",,,,95,100,Dichondra,,1,0,weedy,,
25Sep2023,stav,h,25Sep2023stavh,1291BStorey,1248,"SG,KT",0.6,25,54,80,100,Phacelia ,californica,227,0,native,11 infl,
25Sep2023,stav,h,25Sep2023stavh,1291BStorey,1248,"SG,KT",0.6,25,54,80,100,Grindelia,stricta,117,7,native,,
25Sep2023,stav,h,25Sep2023stavh,1291BStorey,1248,"SG,KT",0.6,25,54,80,100,Horkelia,californica,105,0,native,,
25Sep2023,stav,h,25Sep2023stavh,1291BStorey,1248,"SG,KT",0.6,25,54,80,100,Symphyotrichum ,chilense,104,0,native,,
14Jul2023,fscg,h,14Jul2023fscgh,,1530,DG,2.4,16.6,80,90,100,Nigella,,50,0,ornamental,,
14Jul2023,fscg,h,14Jul2023fscgh,,1530,DG,2.4,16.6,80,90,100,Epilobium ,ciliata,65,95,native,,
14Jul2023,fscg,h,14Jul2023fscgh,,1530,DG,2.4,16.6,80,90,100,Phacelia ,californica,23,24,native,1 infl,
14Jul2023,fscg,h,14Jul2023fscgh,,1530,DG,2.4,16.6,80,90,100,Fumaria,capreolata,60,0,weedy,8 infl,
14Jul2023,fscg,h,14Jul2023fscgh,,1530,DG,2.4,16.6,80,90,100,Tropaeolum,majus,10,0,ornamental,,
14Jul2023,fscg,h,14Jul2023fscgh,,1530,DG,2.4,16.6,80,90,100,Brassica,,15,0,weedy,,
14Jul2023,fscg,h,14Jul2023fscgh,,1530,DG,2.4,16.6,80,90,100,Oxalis,pes-caprae,0,1,weedy,,
14Jul2023,fscg,h,14Jul2023fscgh,,1530,DG,2.4,16.6,80,90,100,Grindelia,hirsitula,1,0,native,,
14Jul2023,fscg,nh,14Jul2023fscgnh,,1452,DG,2.4,16.6,80,75,60,Achillea ,millefolium,475,0,native,,
14Jul2023,fscg,nh,14Jul2023fscgnh,,1452,DG,2.4,16.6,80,75,60,Digitalis,purple,6,2,ornamental,,
14Jul2023,fscg,nh,14Jul2023fscgnh,,1452,DG,2.4,16.6,80,75,60,Digitalis,white,21,30,ornamental,,
14Jul2023,fscg,nh,14Jul2023fscgnh,,1452,DG,2.4,16.6,80,75,60,Sidalcea ,malviflora,1,0,native,,
14Jul2023,fscg,nh,14Jul2023fscgnh,,1452,DG,2.4,16.6,80,75,60,Tropaeolum,majus,5,0,ornamental,,
14Jul2023,fscg,c,14Jul2023fscgc,,1424,DG,2.4,16.6,80,90,100,Tropaeolum,majus,3,0,ornamental,,
14Jul2023,fscg,c,14Jul2023fscgc,,1424,DG,2.4,16.6,80,90,100,Salvia,rosmarinus,1,0,ornamental,they cut the shrub back,
14Jul2023,ymca,c,14Jul2023ymcac,traffic circle,1750,DG,1.6,17.5,90,50,100,Grevillea,lanigera,180,45,ornamental,,
14Jul2023,ymca,c,14Jul2023ymcac,traffic circle,1750,DG,1.6,17.5,90,50,100,Sonchus ,,1,0,weedy,,
14Jul2023,ymca,c,14Jul2023ymcac,traffic circle,1750,DG,1.6,17.5,90,50,100,Euphorbia,peplus,,,weedy,did not count,
24May2023,fscg,h,24May2023fscgh,,1552,DG,0.5,17.8,69,50,100,Carduus,pycnocephalus,2,2,weedy,,
24May2023,fscg,h,24May2023fscgh,,1552,DG,0.5,17.8,69,50,100,Lysimachia,arvensis,0,23,weedy,,
24May2023,fscg,h,24May2023fscgh,,1552,DG,0.5,17.8,69,50,100,Fumaria,capreolata,126,0,weedy,10 infl,
24May2023,fscg,h,24May2023fscgh,,1552,DG,0.5,17.8,69,50,100,Phacelia ,californica,69,49,native,2 infl? ,
24May2023,fscg,h,24May2023fscgh,,1552,DG,0.5,17.8,69,50,100,Ranunculus,californicus,19,0,native,,
24May2023,fscg,h,24May2023fscgh,,1552,DG,0.5,17.8,69,50,100,Malva,,20,31,weedy,,
24May2023,fscg,h,24May2023fscgh,,1552,DG,0.5,17.8,69,50,100,Pseudognaphalium,luteoalbum,0,3360,weedy,120 infl,
24May2023,fscg,h,24May2023fscgh,,1552,DG,0.5,17.8,69,50,100,Tropaeolum,majus,1,0,ornamental,,
24May2023,fscg,h,24May2023fscgh,,1552,DG,0.5,17.8,69,50,100,Fragaria,vesca,6,0,native,,
24May2023,fscg,h,24May2023fscgh,,1552,DG,0.5,17.8,69,50,100,Medicago ,polymorpha,11,0,weedy,,
24May2023,fscg,h,24May2023fscgh,,1552,DG,0.5,17.8,69,50,100,Stellaria ,media,3,0,weedy,,
24May2023,fscg,h,24May2023fscgh,,1552,DG,0.5,17.8,69,50,100,Claytonia,perfoliata,4,0,native,,
24May2023,fscg,h,24May2023fscgh,,1552,DG,0.5,17.8,69,50,100,Nepeta,cataria,,,ornamental,forgot to record # of flowers,
24May2023,fscg,c,24May2023fscgc,,1711,DG,0.5,16.2,69,90,100,Salvia,rosmarinus,8,0,ornamental,,
24May2023,fscg,c,24May2023fscgc,,1711,DG,0.5,16.2,69,90,100,Thymus,vulgaris,100,0,ornamental,,
24May2023,fscg,c,24May2023fscgc,,1711,DG,0.5,16.2,69,90,100,Lysimachia,arvensis,0,1,weedy,,
24May2023,fscg,nh,24May2023fscgnh,,1516,DG,1.8,17.6,69,50,50,Sidalcea ,malviflora,10,0,native,,
24May2023,fscg,nh,24May2023fscgnh,,1516,DG,1.8,17.6,69,50,50,Digitalis,,118,110,ornamental,combined white and purple,
30May2023,ymca,c,30May2023ymcac,,1210,"KB,LG",1.9,18.4,73,40,60,Grevillea,lanigera,100,86,ornamental,netted by both in 2:30 increments,
30May2023,ymca,h,30May2023ymcah,,1233,"KB,MM",1.9,18.4,75,40,100,Ranunculus,californicus,14,0,native,,
30May2023,ymca,h,30May2023ymcah,,1233,"KB,MM",1.9,18.4,75,40,100,Lysimachia,arvensis,8,0,weedy,,
30May2023,ymca,h,30May2023ymcah,,1233,"KB,MM",1.9,18.4,75,40,100,Geranium,dissectum,36,0,weedy,,
30May2023,ymca,h,30May2023ymcah,,1233,"KB,MM",1.9,18.4,75,40,100,Epilobium ,ciliata,2,0,native,,
30May2023,ymca,h,30May2023ymcah,,1233,"KB,MM",1.9,18.4,75,40,100,Geranium,robertianum,12,0,weedy,,
30May2023,ymca,h,30May2023ymcah,,1233,"KB,MM",1.9,18.4,75,40,100,Grevillea,lanigera,137,349,ornamental,,
30May2023,ymca,h,30May2023ymcah,,1233,"KB,MM",1.9,18.4,75,40,100,Correa,pulchella,10,3,ornamental,,
30May2023,ymca,h,30May2023ymcah,,1233,"KB,MM",1.9,18.4,75,40,100,Phacelia ,californica,18,14,native,,
30May2023,ymca,nh,30May2023ymcanh,,1035,"LG,MM",1.6,16.8,77,100,100,Sidalcea ,malviflora,16,12,native,,
30May2023,ymca,nh,30May2023ymcanh,,1035,"LG,MM",1.6,16.8,77,100,100,Calandrinia,menziesii,0,63,native,,
30May2023,ymca,nh,30May2023ymcanh,,1035,"LG,MM",1.6,16.8,77,100,100,Grevillea,lanigera,14,30,ornamental,,
30May2023,ymca,nh,30May2023ymcanh,,1035,"LG,MM",1.6,16.8,77,100,100,Euphorbia,peplus,,,weedy,did not count,
30May2023,ymca,nh,30May2023ymcanh,,1035,"LG,MM",1.6,16.8,77,100,100,Coronopus,didymus,,,weedy,did not count,
29Sep2023,ymca,h,29Sep2023ymcah,TennHollowTrailhead,900,DG,0.9,20,71,35,100,Grevillea,lanigera,396,1299,ornamental,,
29Sep2023,ymca,h,29Sep2023ymcah,TennHollowTrailhead,900,DG,0.9,20,71,35,100,Symphyotrichum ,chilense,95,5,native,,
29Sep2023,ymca,h,29Sep2023ymcah,TennHollowTrailhead,900,DG,0.9,20,71,35,100,Grindelia,hirsitula,1,0,native,,
29Sep2023,ymca,h,29Sep2023ymcah,TennHollowTrailhead,900,DG,0.9,20,71,35,100,Convolvulus,arvensis,1,0,weedy,,
02Oct2023,ymca,nh,02Oct2023ymcanh,,1311,DG,1.1,19.8,65,10,100,Grevillea,lanigera,2394,4838,ornamental,used 65 boxes counted this day,
02Oct2023,ymca,nh,02Oct2023ymcanh,,1311,DG,1.1,19.8,65,10,100,Sonchus ,oleraceus,0,1,weedy,,
02Oct2023,ymca,nh,02Oct2023ymcanh,,1311,DG,1.1,19.8,65,10,100,Eriogonum,latifolium,105,68,native,2 infl,
02Oct2023,ymca,c,02Oct2023ymcac,,924,LG,1.1,19.8,65,5,100,Grevillea,lanigera,1256,23183,ornamental,"130 boxes counted today; combined ""small"" 5633, and ""medium"" 17550 closed for total closed",
02Oct2023,ymca,h,02Oct2023ymcah,,1420,LG,,,,2,95,Grevillea,lanigera,936,5265,ornamental,counted 117 boxes,
02Oct2023,ymca,h,02Oct2023ymcah,,1420,LG,,,,2,95,Symphyotrichum ,chilense,65,40,native,,
02Oct2023,ymca,h,02Oct2023ymcah,,1420,LG,,,,2,95,Horkelia,californica,1,0,native,,
02Oct2023,ymca,h,02Oct2023ymcah,,1420,LG,,,,2,95,Grindelia,stricta,0,2,native,,
02Oct2023,mpsu,nh,02Oct2023mpsunh,,1550,LG,,,,3,97,Achillea ,millefolium,400,0,native,15 infl,
02Oct2023,mpsu,nh,02Oct2023mpsunh,,1550,LG,,,,3,97,Monardella,villosa,26,0,native,,
02Oct2023,mpsu,nh,02Oct2023mpsunh,,1550,LG,,,,3,97,Eriogonum,latifolium,1024,400,native,,
02Oct2023,shta,c,02Oct2023shtac,,1234,LG,,,,1,50,Grevillea,lanigera,98,972,ornamental,"21 boxes; combined large and ""tiny"" closed numbers for total closed",
02Oct2023,shta,h,02Oct2023shtah,,1130,DG,2.4,18.2,69,5,100,Grindelia,stricta,24,10,native,"Note: flower data from 9/29/2023, but had gotten cold and windy that morning",
02Oct2023,shta,h,02Oct2023shtah,,1130,DG,2.4,18.2,69,5,100,Symphyotrichum ,chilense,90,10,native,"Note: flower data from 9/29/2023, but had gotten cold and windy that morning",
02Oct2023,shta,h,02Oct2023shtah,,1130,DG,2.4,18.2,69,5,100,Horkelia,californica,25,0,native,"Note: flower data from 9/29/2023, but had gotten cold and windy that morning",
02Oct2023,shta,h,02Oct2023shtah,,1130,DG,2.4,18.2,69,5,100,Grevillea,lanigera,1083,1430,ornamental,"Note: flower data from 9/29/2023, but had gotten cold and windy that morning",
02Oct2023,shta,nh,02Oct2023shtanh,OsoandMe,1129,"LG,PPS",2.4,18.2,69,1,100,Eschscholzia,californica,3,0,native,,
02Oct2023,shta,nh,02Oct2023shtanh,OsoandMe,1129,"LG,PPS",2.4,18.2,69,1,100,Grevillea,lanigera,275,310,ornamental,15 boxes,
02Oct2023,shta,nh,02Oct2023shtanh,OsoandMe,1129,"LG,PPS",2.4,18.2,69,1,100,Achillea ,millefolium,624,0,native,,
02Oct2023,shta,nh,02Oct2023shtanh,OsoandMe,1129,"LG,PPS",2.4,18.2,69,1,100,Calandrinia,grandiflora,6,14,ornamental,,
02Oct2023,shta,nh,02Oct2023shtanh,OsoandMe,1129,"LG,PPS",2.4,18.2,69,1,100,Lysimachia,arvensis,5,0,weedy,,
02Oct2023,shta,nh,02Oct2023shtanh,OsoandMe,1129,"LG,PPS",2.4,18.2,69,1,100,Eriogonum,latifolium,909,427,native,21 infl,
02Oct2023,shta,nh,02Oct2023shtanh,OsoandMe,1129,"LG,PPS",2.4,18.2,69,1,100,Fragaria,chiloensis,2,0,native,,
02Oct2023,shta,nh,02Oct2023shtanh,OsoandMe,1129,"LG,PPS",2.4,18.2,69,1,100,Oxalis,,2,0,weedy,not sure which species,
02Oct2023,mpsu,h,02Oct2023mpsuh,Powderhouse,1533,DG,2.6,16.4,70,10,100,Symphyotrichum ,chilense,100,5,native,,
02Oct2023,mpsu,h,02Oct2023mpsuh,Powderhouse,1533,DG,2.6,16.4,70,10,100,Grindelia,stricta,17,5,native,,
02Oct2023,mpsu,h,02Oct2023mpsuh,Powderhouse,1533,DG,2.6,16.4,70,10,100,Horkelia,californica,15,0,native,,
02Oct2023,mpsu,h,02Oct2023mpsuh,Powderhouse,1533,DG,2.6,16.4,70,10,100,Erigeron,bonariensis,0,37,weedy,,
02Oct2023,mpsu,h,02Oct2023mpsuh,Powderhouse,1533,DG,2.6,16.4,70,10,100,Pseudognaphalium,luteoalbum,0,906,weedy,85 infl,
02Oct2023,mpsu,c,02Oct2023mpsuc,,1530,LG,1,18.1,61,2,1,,,,,,nothing in flower,
11Oct2023,fscg,c,11Oct2023fscgc,,1424,LG,1.1,21,53,0,100,,,,,,nothing in flower,
11Oct2023,fscg,nh,11Oct2023fscgnh,,1330,LG,1.1,20.7,53,0,15,Dahlia,,29,4,ornamental,12 infl,
11Oct2023,fscg,nh,11Oct2023fscgnh,,1330,LG,1.1,20.7,53,0,15,Daucus,carota,8400,0,ornamental,12 infl,
11Oct2023,fscg,nh,11Oct2023fscgnh,,1330,LG,1.1,20.7,53,0,15,Achillea ,millefolium,25,80,native,,
11Oct2023,eawa,h,11Oct2023eawah,401B Wash,1115,LG,0.9,17,71,0,100,Lantana,,1250,0,ornamental,,
11Oct2023,eawa,nh,11Oct2023eawanh,409AWa,1031,DG,0.9,17,71,0,100,Eriogonum,latifolium,195,570,native,9 infl,
11Oct2023,eawa,nh,11Oct2023eawanh,409AWa,1031,DG,0.9,17,71,0,100,Erigeron,bonariensis,0,35,weedy,,
11Oct2023,eawa,nh,11Oct2023eawanh,409AWa,1031,DG,0.9,17,71,0,100,Erigeron,canadensis,0,600,weedy,canadensis?,
11Oct2023,eawa,nh,11Oct2023eawanh,409AWa,1031,DG,0.9,17,71,0,100,Pseudognaphalium,luteoalbum,0,720,weedy,,
11Oct2023,eawa,nh,11Oct2023eawanh,409AWa,1031,DG,0.9,17,71,0,100,Hydrangea,,718,0,ornamental,"""sepal-flowers""; no repro parts showing; 22 infl",
23Oct2023,ymca,c,23Oct2023ymcac,traffic circle,1132,DG,3,18,93,0,75,Grevillea,lanigera,2373,1393,ornamental,,
23Oct2023,ymca,c,23Oct2023ymcac,traffic circle,1132,DG,3,18,93,0,75,Euphorbia,peplus,,,weedy,did not count,
23Oct2023,mpsu,h,23Oct2023mpsuh,Powderhouse,1222,DG,3.7,18.3,89,25,100,Grindelia,stricta,22,5,native,,
23Oct2023,mpsu,h,23Oct2023mpsuh,Powderhouse,1222,DG,3.7,18.3,89,25,100,Symphyotrichum ,chilense,40,0,native,,
23Oct2023,mpsu,h,23Oct2023mpsuh,Powderhouse,1222,DG,3.7,18.3,89,25,100,Horkelia,californica,9,0,native,,
23Oct2023,mpsu,h,23Oct2023mpsuh,Powderhouse,1222,DG,3.7,18.3,89,25,100,Pseudognaphalium,luteoalbum,0,306,weedy,40 infl,
03Oct2023,fosc,nh,03Oct2023foscnh,1203Ralston,1218,DG,2.1,16.8,71,0,100,Eriogonum,latifolium,150,220,native,6 infl,
03Oct2023,fosc,nh,03Oct2023foscnh,1203Ralston,1218,DG,2.1,16.8,71,0,100,Erigeron,canadensis,0,130,weedy,not positive of i.d.,
03Oct2023,fosc,c,03Oct2023foscc,1224Upton,1143,DG,2.1,16.8,71,0,60,Erigeron,canadensis,5,4,weedy,not positive of i.d.,
03Oct2023,fosc,c,03Oct2023foscc,1224Upton,1143,DG,2.1,16.8,71,0,60,Rosa,,2,0,ornamental,,
03Oct2023,fosc,h,03Oct2023fosch,1206Ralston,1110,DG,0.7,19.3,83,75,100,Grindelia,stricta,3,1,native,,
03Oct2023,fosc,h,03Oct2023fosch,1206Ralston,1110,DG,0.7,19.3,83,75,100,Symphyotrichum ,chilense,8,1,native,,
03Oct2023,fosc,h,03Oct2023fosch,1206Ralston,1110,DG,0.7,19.3,83,75,100,Erigeron,canadensis,0,25,weedy,not positive of i.d.,
03Oct2023,fosc,h,03Oct2023fosch,1206Ralston,1110,DG,0.7,19.3,83,75,100,Plantago,lanceolata,10,0,weedy,"2 infl, the 10 refers to the stamens",
03Oct2023,fosc,h,03Oct2023fosch,1206Ralston,1110,DG,0.7,19.3,83,75,100,Horkelia,californica,1,0,native,,
16Oct2023,wewa,nh,16Oct2023wewanh,1418DWa,1243,LG,0.9,20,63,95,100,,,,,,nothing in flower,
16Oct2023,wewa,h,16Oct2023wewah,1420BWa,1307,"MM,LG",0.8,20,63,97,100,Symphyotrichum ,chilense,4,0,native,,
16Oct2023,wewa,h,16Oct2023wewah,1420BWa,1307,"MM,LG",0.8,20,63,97,100,Calandrinia,grandiflora,2,1,ornamental,,
16Oct2023,wewa,h,16Oct2023wewah,1420BWa,1307,"MM,LG",0.8,20,63,97,100,Grindelia,stricta,2,2,native,,
16Oct2023,wewa,h,16Oct2023wewah,1420BWa,1307,"MM,LG",0.8,20,63,97,100,Pelargonium,,10,0,ornamental,,
23Oct2023,ymca,nh,23Oct2023ymcanh,,1600,DG,1.1,20.5,79,10,100,Grevillea,lanigera,1087,1853,ornamental,,
23Oct2023,mpsu,c,23Oct2023mpsuc,,1324,DG,1.1,21,73,0,50,Rubus,ursinus,2,0,native,,
23Oct2023,mpsu,nh,23Oct2023mpsunh,,1356,DG,1.3,19,76,10,90,Eriogonum,latifolium,1096,0,native,7 infl; each infl is 20% senesced,
23Oct2023,ymca,h,23Oct2023ymcah,TennHollowTrailhead,1501,DG,1.1,20.5,79,25,100,Grevillea,lanigera,247,1452,ornamental,,
23Oct2023,ymca,h,23Oct2023ymcah,TennHollowTrailhead,1501,DG,1.1,20.5,79,25,100,Symphyotrichum ,chilense,35,0,native,,
23Oct2023,ymca,h,23Oct2023ymcah,TennHollowTrailhead,1501,DG,1.1,20.5,79,25,100,Grindelia,stricta,1,0,native,,
23Oct2023,ymca,h,23Oct2023ymcah,TennHollowTrailhead,1501,DG,1.1,20.5,79,25,100,Grindelia,hirsitula,1,0,native,,
16Oct2023,stav,c,16Oct2023stavc,1289AStorey,1549,LG,0.9,21.3,68,90,60,Hydrangea,,0,33,ornamental,"sepal-flowers, all closed",
16Oct2023,stav,c,16Oct2023stavc,1289AStorey,1549,LG,0.9,21.3,68,90,60,Fuschia,thymifolia,29,365,ornamental,,
16Oct2023,stav,nh,16Oct2023stavnh,,1526,LG,3.8,18.8,65,80,100,Achillea ,millefolium,278,23,native,3 infl,
16Oct2023,wywe,c,16Oct2023wywec,fire hydrant,1416,LG,0.8,22.5,57,83,100,Salvia,rosmarinus,115,48,ornamental,,
16Oct2023,wywe,h,16Oct2023wyweh,14thAvegate,1445,MM,0.8,22.5,57,50,100,Grindelia,stricta,0,1,native,,
16Oct2023,wywe,nh,16Oct2023wywenh,wyman/brown,1415,MM,0.8,22.5,57,50,100,Achillea ,millefolium,350,0,native,1 infl,
16Oct2023,wywe,nh,16Oct2023wywenh,wyman/brown,1415,MM,0.8,22.5,57,50,100,Medicago ,polymorpha,13,8,weedy,,
11Oct2023,fscg,h,11Oct2023fscgh,,1215,LG,0.8,22.8,53,0,100,Nepeta,cataria,1259,0,ornamental,39 infl,
11Oct2023,fscg,h,11Oct2023fscgh,,1215,LG,0.8,22.8,53,0,100,Grindelia,hirsitula,3,5,native,,
11Oct2023,fscg,h,11Oct2023fscgh,,1215,LG,0.8,22.8,53,0,100,Symphyotrichum ,chilense,67,0,native,,
11Oct2023,fscg,h,11Oct2023fscgh,,1215,LG,0.8,22.8,53,0,100,Fumaria,capreolata,255,0,weedy,,
11Oct2023,fscg,h,11Oct2023fscgh,,1215,LG,0.8,22.8,53,0,100,Dahlia,,1,0,ornamental,,
11Oct2023,eawa,c,11Oct2023eawac,407AWa,1035,LG,0.9,17,71,0,100,Pittosporum,,105,0,ornamental,,
15Oct2023,wewa,c,15Oct2023wewac,1418AWash,1244,MM,0.8,20,63,80,100,,,0,0,nothing in flower,,
16Oct2023,shta,nh,16Oct2023shtanh,OsoandMe,1020,DG,0.9,19.3,62,50,100,Achillea ,millefolium,330,0,native,3 infl,
16Oct2023,shta,nh,16Oct2023shtanh,OsoandMe,1020,DG,0.9,19.3,62,50,100,Calandrinia,grandiflora,5,2,ornamental,,
16Oct2023,shta,nh,16Oct2023shtanh,OsoandMe,1020,DG,0.9,19.3,62,50,100,Eriogonum,latifolium,533,0,native,10 infl,
16Oct2023,shta,nh,16Oct2023shtanh,OsoandMe,1020,DG,0.9,19.3,62,50,100,Grevillea,lanigera,125,348,ornamental,used 29 boxes,
16Oct2023,shta,nh,16Oct2023shtanh,OsoandMe,1020,DG,0.9,19.3,62,50,100,Eschscholzia,californica,0,1,native,,
16Oct2023,shta,nh,16Oct2023shtanh,OsoandMe,1020,DG,0.9,19.3,62,50,100,Lysimachia,arvensis,2,2,weedy,,
16Oct2023,shta,nh,16Oct2023shtanh,OsoandMe,1020,DG,0.9,19.3,62,50,100,Monardella,villosa,2,0,native,,
16Oct2023,shta,nh,16Oct2023shtanh,OsoandMe,1020,DG,0.9,19.3,62,50,100,Fragaria,chiloensis,1,0,native,,
16Oct2023,shta,h,16Oct2023shtah,,1102,LG,0.9,19.3,62,15,95,Grindelia,hirsitula,10,16,native,,
16Oct2023,shta,h,16Oct2023shtah,,1102,LG,0.9,19.3,62,15,95,Symphyotrichum ,chilense,16,0,native,,
16Oct2023,shta,h,16Oct2023shtah,,1102,LG,0.9,19.3,62,15,95,Horkelia,californica,34,0,native,,
16Oct2023,shta,h,16Oct2023shtah,,1102,LG,0.9,19.3,62,15,95,Phacelia ,californica,56,0,native,,
16Oct2023,shta,h,16Oct2023shtah,,1102,LG,0.9,19.3,62,15,95,Grevillea,lanigera,222,1232,ornamental,combined big and small closed flowers for total,
16Oct2023,stav,h,16Oct2023stavh,1291BStorey,1321,MM,0.9,21.3,68,50,100,Phacelia ,californica,424,24,native,16 infl,
16Oct2023,stav,h,16Oct2023stavh,1291BStorey,1321,MM,0.9,21.3,68,50,100,Grindelia,hirsitula,115,8,native,,
16Oct2023,stav,h,16Oct2023stavh,1291BStorey,1321,MM,0.9,21.3,68,50,100,Horkelia,californica,85,0,native,,
16Oct2023,stav,h,16Oct2023stavh,1291BStorey,1321,MM,0.9,21.3,68,50,100,Symphyotrichum ,chilense,7,0,native,,
16Oct2023,stav,h,16Oct2023stavh,1291BStorey,1321,MM,0.9,21.3,68,50,100,Loropetalum,chinense,42,0,ornamental,,
16Oct2023,stav,h,16Oct2023stavh,1291BStorey,1321,MM,0.9,21.3,68,50,100,Trifolium ,repens,20,0,weedy,,
16Oct2023,stav,h,16Oct2023stavh,1291BStorey,1321,MM,0.9,21.3,68,50,100,Malva,,2,3,weedy,cheeseweed,
16Oct2023,shta,c,16Oct2023shtac,LotC,1020,LG,0.7,23.2,64,10,100,Grevillea,lanigera,176,1122,ornamental,combined small and large closed flowers,
16Oct2023,lile,c,16Oct2023lilec,,929,LG,1,18.4,90,2,97,,,0,0,,nothing in flower,
16Oct2023,lile,h,16Oct2023lileh,,947,LG,1,18.4,90,2,100,Calandrinia,grandiflora,2,5,ornamental,,
16Oct2023,lile,nh,16Oct2023lilenh,,945,DG,1,18.4,90,3,100,,,0,0,,nothing in flower,
