DateBlkTrtmnt,Date,Block,Site,Treatment,Time start,Netter,TempF,Windspeed(mph),Cloudcover,CountType,Insect type,InsectGenus,InsectSpecies,Idnotes,Sex,Count,PlantGenus,PlantSpecies,Total_Flower_plot,Poll_nectar,Idnumber,captured?,Notes,
24Apr2023stavnh,24-Apr-23,stav,1295 Storey,NH,1524,DG,,1.5-3.5,0,snapshot,0,0,0,,,0,0,,225,,0,,,
24Apr2023stavnh,24-Apr-23,stav,1295 Storey,NH,1524,DG,,1.5-3.5,0,N1,Bee,Bombus,vosnesenskii,,,1,Fuschia,,225,,202300001,,did not see pollen on legs,
24Apr2023stavnh,24-Apr-23,stav,1295 Storey,NH,1524,DG,,1.5-3.5,0,N1,Bee,Bombus,vosnesenskii,,,1,Fuschia,,225,,202300002,,did not see pollen on legs,
24Apr2023stavnh,24-Apr-23,stav,1295 Storey,NH,1524,DG,,1.5-3.5,0,N1,Bee,Bombus,vosnesenskii,,,1,Fuschia,,225,,202300003,,did not see pollen on legs,
24Apr2023stavnh,24-Apr-23,stav,1295 Storey,NH,1524,DG,,1.5-3.5,0,N2,Bee,Bombus,vosnesenskii,,,1,Fuschia,,225,,202300004,,did not see pollen on legs,
24Apr2023stavh,24-Apr-23,stav,1291B Storey,H,1607,DG,,1.0-3.0,0,snapshot,0,0,0,,,0,0,,52,,,,,
24Apr2023stavh,24-Apr-23,stav,1291B Storey,H,1607,DG,,1.0-3.0,0,N1,0,0,0,,,0,0,,52,,,,,
24Apr2023stavh,24-Apr-23,stav,1291B Storey,H,1607,DG,,1.0-3.0,0,N2,0,0,0,,,0,0,,52,,,,,
24Apr2023stavc,24-Apr-23,stav,1289A Storey,C,1642,DG,,1.0-3.0,0,snapshot,0,0,0,,,0,0,,156,,,,,
24Apr2023stavc,24-Apr-23,stav,1289A Storey,C,1642,DG,,1.0-3.0,0,N1,0,0,0,,,0,0,,156,,,,,
24Apr2023stavc,24-Apr-23,stav,1289A Storey,C,1642,DG,,1.0-3.0,0,N2,0,0,0,,,0,0,,156,,,,,
30Apr2023foscc,30-Apr-23,fosc,1224 Ralston,C,1029,DG,,2.0-2.8,100,snapshot,0,0,0,,,0,0,,21,,,,"""high and dry overcast""",
30Apr2023foscc,30-Apr-23,fosc,1224 Ralston,C,1029,DG,,2.0-2.8,100,N1,0,0,0,,,0,0,,21,,,,"""high and dry overcast""",
30Apr2023foscc,30-Apr-23,fosc,1224 Ralston,C,1029,DG,,2.0-2.8,100,N2,0,0,0,,,0,0,,21,,,,"""high and dry overcast""",
30Apr2023foscnh,30-Apr-23,fosc,1203 Ralston,NH,1055,DG,,1.0-1.6,50,snapshot,0,0,0,,,0,0,,3,,,,,
30Apr2023foscnh,30-Apr-23,fosc,1203 Ralston,NH,1055,DG,,1.0-1.6,50,N1,0,0,0,,,0,0,,3,,,,,
30Apr2023foscnh,30-Apr-23,fosc,1203 Ralston,NH,1055,DG,,1.0-1.6,50,N2,0,0,0,,,0,0,,3,,,,,
30Apr2023fosch,30-Apr-23,fosc,1206 Ralston,H,1118,DG,,0.0-1.8,50,snapshot,0,0,0,,,0,0,,38,,,,,
30Apr2023fosch,30-Apr-23,fosc,1206 Ralston,H,1118,DG,,0.0-1.8,50,N1,fly,,,,,1,,,38,,,,"neither visiting flowers, just land in plot.  These look like black ""house"" flies",
30Apr2023fosch,30-Apr-23,fosc,1206 Ralston,H,1118,DG,,0.0-1.8,50,N1,fly,,,,,1,,,38,,,,,
30Apr2023fosch,30-Apr-23,fosc,1206 Ralston,H,1118,DG,,0.0-1.8,50,N2,0,0,0,,,0,0,,38,,,,,
30Apr2023lilec,30-Apr-23,lile,,C,1146,DG,59,2.1-3.2,10,snapshot,0,0,0,,,0,0,,3,,,,not including Rumex Acetocella flower count,
30Apr2023lilec,30-Apr-23,lile,,C,1146,DG,59,2.1-3.2,10,N1,0,0,0,,,0,0,,3,,,,not including Rumex Acetocella flower count,
30Apr2023lilec,30-Apr-23,lile,,C,1146,DG,59,2.1-3.2,10,N2,Unidentified,0,0,,,1,Vicia sativa,,3,,,,"small wasp or bee, missed, not including Rumex Acetocella flower count",
30Apr2023lilenh,30-Apr-23,lile,,NH,1212,DG,59,0.0-0.8,1,snapshot,beetle,,,,,1,,,105,,,,"""ladybug""",
30Apr2023lilenh,30-Apr-23,lile,,NH,1212,DG,59,0.0-0.8,1,N1,0,,,,,0,,,105,,,,,
30Apr2023lilenh,30-Apr-23,lile,,NH,1212,DG,59,0.0-0.8,1,N2,bee,Bombus,vosnesenskii,,,1,Oxalis pes-caprae,,105,,,,"quick visit, missed",
30Apr2023lilenh,30-Apr-23,lile,,NH,1212,DG,59,0.0-0.8,1,N2,bee,,,,,1,,,105,,,,"missed, small dark bee, gather pollen on legs",
30Apr2023lileh,30-Apr-23,lile,,H,1240,DG,60,1.0-4.3,1,snapshot,bee,,,,,1,Calandrinia grandiflora,,26,,,,long visit,
30Apr2023lileh,30-Apr-23,lile,,H,1240,DG,60,1.0-4.3,1,N1,bee,,,,,1,Calandrinia grandiflora,,26,P,202300005,,"pollen on legs, likely same individual as in snapshot",
30Apr2023lileh,30-Apr-23,lile,,H,1240,DG,60,1.0-4.3,1,N1,bee,,,,,1,Calandrinia grandiflora,,26,,,,missed,
30Apr2023lileh,30-Apr-23,lile,,H,1240,DG,60,1.0-4.3,1,N2,bee,,,,,1,Calandrinia grandiflora,,26,,202300006,,"captured, long flower visit, no pollen visible on legs",
30Apr2023lileh,30-Apr-23,lile,,H,1240,DG,60,1.0-4.3,1,N2,bee,,,,,1,Calandrinia grandiflora,,26,,,,"lost after netting, had same ""gestalt"" as others captured",
5May2023eawah,5-May-23,eawa,401B WA,H,1050,"DG,DU,EC",58,1.0-3.0,50,snapshot,0,,,,,0,,,136,,,,,
5May2023eawah,5-May-23,eawa,401B WA,H,1050,"DG,DU,EC",58,1.0-3.0,50,N1,0,,,,,0,,,136,,,,,
5May2023eawah,5-May-23,eawa,401B WA,H,1050,"DG,DU,EC",58,1.0-3.0,50,N2,0,,,,,0,,,136,,,,,
5May2023eawac,5-May-23,eawa,407A WA,C,1140,"DU,EC",58,1.0-3.0,100,snapshot,0,,,,,0,,,9,,,,"""high and dry"" overcast",
5May2023eawac,5-May-23,eawa,407A WA,C,1140,"DU,EC",58,1.0-3.0,100,N1,0,,,,,0,,,9,,,,,
5May2023eawac,5-May-23,eawa,407A WA,C,1140,"DU,EC",58,1.0-3.0,100,N2,0,,,,,0,,,9,,,,,
5May2023eawanh,5-May-23,eawa,409A WA,NH,1200,"DU,AP",55,1.0-3.0,100,snapshot,0,,,,,0,,,763,,,,"""high and dry"" overcast",
5May2023eawanh,5-May-23,eawa,409A WA,NH,1200,"DU,AP",55,1.0-3.0,100,N1,hoverfly,,,,,1,Monardella villosa,,763,,,,hover around MON VIL,
5May2023eawanh,5-May-23,eawa,409A WA,NH,1200,"DU,AP",55,1.0-3.0,100,N2,hoverfly,,,,,1,Achillea millefolium,,763,,,,hover around ACH MIL,
8May2023wewah,8-May-23,wewa,1420 WA,H,1323,DG,61,1.2-1.8,70,snapshot,hoverfly,,,,,1,Stellaria media,,110,,,,visit closed flower,
8May2023wewah,8-May-23,wewa,1420 WA,H,1323,DG,61,1.2-1.8,70,N1,0,,,,,0,,,110,,,,,
8May2023wewah,8-May-23,wewa,1420 WA,H,1323,DG,61,1.2-1.8,70,N2,bee,Bombus,melanopygus,,,1,Geranium sp.,,110,,,,"Captured, photo, large flowered ornamental geranium",
8May2023wewah,8-May-23,wewa,1420 WA,H,1323,DG,61,1.2-1.8,70,N2,bee,Bombus,vosnesenskii,,,1,Dimorphotheca,,110,,,,"Captured, photo, Afro-australian daisy (purple hue)",
8May2023wewah,8-May-23,wewa,1420 WA,H,1323,DG,61,1.2-1.8,70,N2,hoverfly,,,,,1,Stellaria media,,110,,,,"did not net, could be same as in snapshot",
8May2023wewah,8-May-23,wewa,1420 WA,H,1323,DG,61,1.2-1.8,70,N2,hoverfly,,,,,1,Dimorphotheca,,110,,,,"looks different from first hoverfly, so minimum 2 hoverflies at this plot, Cal gra not in flower. Outside plot 5 more African violets and 8 more large-flower geraniums in flower, and 2Ranunculus plants in full bloom each about 8 flowers outside plot",
8May2023wewac,8-May-23,wewa,1418A WA,C,1417,DG,61,1.3-1.8,60,snapshot,bee,Bombus,melanopygus,,,1,Aeonium,,302,,,,"no pollen on legs, walking across inflorescence quickly visiting flowers",
8May2023wewac,8-May-23,wewa,1418A WA,C,1417,DG,61,1.3-1.8,60,N1,bee,,,,,1,Aeonium,,302,,202300007,,"small-medium black, with pointy abdomen and yellow partial stripes on sides, captured",
8May2023wewac,8-May-23,wewa,1418A WA,C,1417,DG,61,1.3-1.8,60,N1,bee,Bombus,melanopygus,,,1,Aeonium,,302,,,,missed,
8May2023wewac,8-May-23,wewa,1418A WA,C,1417,DG,61,1.3-1.8,60,N1,hoverfly,,,,,1,Aeonium,,302,,,,"thin, stripped abdomen, yellow face",
8May2023wewac,8-May-23,wewa,1418A WA,C,1417,DG,61,1.3-1.8,60,N2,bee,Bombus,melanopygus,,,1,Aeonium,,302,,,,captured; could be same individual in snapshot and N1,
8May2023wewanh,8-May-23,wewa,1418C WA,NH,1654,DG,61,1.1-1.8,61,snapshot,0,,,,,0,,,19,,,,,
8May2023wewanh,8-May-23,wewa,1418C WA,NH,1654,DG,61,1.1-1.8,61,N1,0,,,,,0,,,19,,,,,
8May2023wewanh,8-May-23,wewa,1418C WA,NH,1654,DG,61,1.1-1.8,61,N2,0,,,,,0,,,19,,,,,
8May2023mpsunh,8-May-23,mpsu,MesaMoraga,NH,1534,DG,61,2.0-4.0,61,snapshot,0,,,,,0,,,7,,,,"almost nothing in flower, just the little geranium.  4 Sidalcea flowers from 1 plant just outside plot",
8May2023mpsunh,8-May-23,mpsu,MesaMoraga,NH,1534,DG,61,2.0-4.0,61,N1,0,,,,,0,,,7,,,,"almost nothing in flower, just the little geranium.  4 Sidalcea flowers from 1 plant just outside plot",
8May2023mpsunh,8-May-23,mpsu,MesaMoraga,NH,1534,DG,61,2.0-4.0,61,N2,0,,,,,0,,,7,,,,"almost nothing in flower, just the little geranium.  4 Sidalcea flowers from 1 plant just outside plot",
8May2023mpsuh,8-May-23,mpsu,Powderhouse,H,1602,DG,61,2.0-3.9,61,snapshot,0,,,,,0,,,37,,,,,
8May2023mpsuh,8-May-23,mpsu,Powderhouse,H,1602,DG,61,2.0-3.9,61,N1,0,,,,,0,,,37,,,,,
8May2023mpsuh,8-May-23,mpsu,Powderhouse,H,1602,DG,61,2.0-3.9,61,N2,bee,Bombus,vosnesenskii,,,1,Eschscholzia californica,,37,P,,,"captured, photo, orange pollen balls on legs",
8May2023mpsuc,8-May-23,mpsu,Rock Wall,C,1646,DG,61,0.9-1.9,61,snapshot,,,,,,0,,,384,,,,,
8May2023mpsuc,8-May-23,mpsu,Rock Wall,C,1646,DG,61,0.9-1.9,61,N1,bee,Bombus,vosnesenskii,,,1,Echium,,384,,"20230508_171242, 171725,171658, 171634",,"captured, 4 photos, photo #'s ",
8May2023mpsuc,8-May-23,mpsu,Rock Wall,C,1646,DG,61,0.9-1.9,61,N2,,,,,,0,,,384,,,,,
11Sep2023mpsunh,,mpsu,,NH,,,,,,snapshot,unidentified,,,,,1,Achillea,millefolium,,,,,"small bee or wasp?, quick buz close by plant",
11Sep2023mpsunh,,mpsu,,NH,,,,,,N1,hoverfly,,,,,1,Eriogonum,latifolium,,,p1,,"saw land on buckwheat first, but caught it on yarrow",
11Sep2023mpsunh,,mpsu,,NH,,,,,,N1,hoverfly,,,,,1,Achillea,millefolium,,,p2,,"buzz around yarrow, but caught on yarrow leaf",
11Sep2023mpsunh,,mpsu,,NH,,,,,,N2,wasp,Vespula,,,,1,Achillea,millefolium,,,p3,yes,,
11Sep2023mpsunh,,mpsu,,NH,,,,,,N2,wasp,Vespula,,,,1,Ground,,,,,no,escaped net,
11Sep2023mpsuh,,mpsu,,H,,,,,,snapshot,hoverfly,,,,,1,Symphyotrichum,chilense,,,,,,
11Sep2023mpsuh,,mpsu,,H,,,,,,N1,hoverfly,,,,,1,Symphyotrichum,chilense,,,p1,,,
11Sep2023mpsuh,,mpsu,,H,,,,,,N1,wasp,Vespula,,,,1,Horkelia,californica,,,,,escaped net,
11Sep2023mpsuh,,mpsu,,H,,,,,,N1,wasp,,,,,1,Symphyotrichum,chilense,,,,,missed! Yellowjacket?,
11Sep2023mpsuh,,mpsu,,H,,,,,,N1,bee,Bombus,,,,1,Grindelia ,stricta,,,,,missed,
11Sep2023mpsuh,,mpsu,,H,,,,,,N1,wasp,Vespula,,,,1,Horkelia,californica,,,p2,,,
11Sep2023mpsuh,,mpsu,,H,,,,,,N1,bee,Bombus,vosnesenskii,,,1,Horkelia,californica,,,p3,,"vosnesenski- confirmed - even hair length, no yellow hairs underside",
11Sep2023mpsuh,,mpsu,,H,,,,,,N2,bee,Bombus,,,,1,Symphyotrichum,chilense,,,,,missed,
11Sep2023mpsuh,,mpsu,,H,,,,,,N2,hoverfly,,,,,1,Symphyotrichum,chilense,,,p4,,,
11Sep2023mpsuh,,mpsu,,H,,,,,,N2,Unidentified,,,,,1,Convolvulus,arvensis,,,,,"small dark bee or wasp, missed",
11Sep2023mpsuc,,mpsu,,C,,,,,,snapshot,,,,,,0,,,,,,,,
11Sep2023mpsuc,,mpsu,,C,,,,,,N1,,,,,,0,,,,,,,,
11Sep2023mpsuc,,mpsu,,C,,,,,,N2,,,,,,0,,,,,,,,
11Sep2023fscgh,,fscg,,H,,,,,,snapshot,,,,,,0,,,,,,,,
11Sep2023fscgh,,fscg,,H,,,,,,N1,,,,,,0,,,,,,,,
11Sep2023fscgh,,fscg,,H,,,,,,N2,hoverfly,,,,,1,Nepeta,cataria,,,,,missed,
11Sep2023fscgh,,fscg,,H,,,,,,N2,hoverfly,,,,,1,Fragaria,,,,p1,,on leaf,
11Sep2023stavc,,stav,,C,,,,,,snapshot,,,,,,0,,,,,,,,
11Sep2023stavc,,stav,,C,,,,,,N1,wasp,Vespula,,,,1,Hydrangea quercifolia,,,,p1,,,
11Sep2023stavc,,stav,,C,,,,,,N2,,,,,,0,,,,,,,,
11Sep2023stavnh,,stav,,NH,,,,,,snapshot,,,,,,0,,,,,,,,
11Sep2023stavnh,,stav,,NH,,,,,,N1,,,,,,0,,,,,,,,
11Sep2023stavnh,,stav,,NH,,,,,,N2,butterfly,Vanessa,virginiensis,,,1,Fragaria,vesca,,,,,on strawberry leaf,
11Sep2023stavnh,,stav,,NH,,,,,,N2,Unidentified,,,,,1,Achillea ,millefolium,,,,,missed; fly?,
11Sep2023stavh,,stav,,H,,,,,,snapshot,bee,,,,,1,Grindelia ,hirsitula,,,,,,
11Sep2023stavh,,stav,,H,,,,,,snapshot,bee,,,,,1,Phacelia ,californica,,,,,,
11Sep2023stavh,,stav,,H,,,,,,N1,bee,Bombus,vosnesenskii,,,1,Horkelia,californica,,pollen,p1,,note:  ask miguel how he determined whether they are gathering pollen,
11Sep2023stavh,,stav,,H,,,,,,N1,bee,Bombus,vosnesenskii,"no photo of underside, but haircut looks ""neat)",,1,Phacelia ,californica,,pollen,p2,,note:  ask miguel how he determined whether they are gathering pollen,
11Sep2023stavh,,stav,,H,,,,,,N1,bee,Bombus,vosnesenskii,"near haircut, no yellow underneathe",,1,Phacelia ,californica,,pollen,p3,,note:  ask miguel how he determined whether they are gathering pollen,
11Sep2023stavh,,stav,,H,,,,,,N2,bee,Bombus,vosnesenskii,"neat haircut, no yellow underneathe",,1,Phacelia ,californica,,pollen,p4,,note:  ask miguel how he determined whether they are gathering pollen,
11Sep2023stavh,,stav,,H,,,,,,N2,hoverfly,,,,,1,Grindelia ,hirsitula,,pollen,p5,,note:  ask miguel how he determined whether they are gathering pollen,
11Sep2023fscgc,,fscg,,C,,,,,,snapshot,,,,,,0,,,,,,,,
11Sep2023fscgc,,fscg,,C,,,,,,N1,,,,,,0,,,,,,,,
11Sep2023fscgc,,fscg,,C,,,,,,N2,,,,,,0,,,,,,,,
11Sep2023fscgnh,,fscg,,NH,,,,,,snapshot,hoverfly,,,,,1,Digitalis,,,,,,fly-by,
11Sep2023fscgnh,,fscg,,NH,,,,,,N1,hoverfly,,,,,1,,,,,,,fly-by,
11Sep2023fscgnh,,fscg,,NH,,,,,,N2,,,,,,0,,,,,,,,
5Sep2023shtac,,shta,,C,,,,,,snapshot,,,,,,0,,,,,,,,
5Sep2023shtac,,shta,,C,,,,,,N1,,,,,,0,,,,,,,,
5Sep2023shtac,,shta,,C,,,,,,N2,,,,,,0,,,,,,,,
5Sep2023ymcac,,ymca,,C,,,,,,snapshot,,,,,,0,,,,,,,,
5Sep2023ymcac,,ymca,,C,,,,,,N1,,,,,,0,,,,,,,,
5Sep2023ymcac,,ymca,,C,,,,,,N2,,,,,,0,,,,,,,,
5Sep2023ymcanh,,ymca,,NH,,,,,,snapshot,,,,,,0,,,,,,,,
5Sep2023ymcanh,,ymca,,NH,,,,,,N1,,,,,,0,,,,,,,,
5Sep2023ymcanh,,ymca,,NH,,,,,,N2,,,,,,0,,,,,,,,
5Sep2023fosch,,fosc,,H,,,,,,snapshot,hoverfly,,,,,1,ground,,,,,,,
5Sep2023fosch,,fosc,,H,,,,,,N1,hoverfly,,,,,1,Horkelia,californica,,,,,no flowers,
5Sep2023fosch,,fosc,,H,,,,,,N2,,,,,,0,,,,,,,,
3Sep2023lileh,,lile,,H,,,,,,snapshot,hoverfly,,,,,1,Calandrinia ,grandiflora,,,,n,buzz around closed buds with no color/petals showing,
3Sep2023lileh,,lile,,H,,,,,,N1,bee,Agapostemon,texanus,,,1,Calandrinia,grandiflora,,,p1,y,male,
3Sep2023lileh,,lile,,H,,,,,,N1,wasp,Vespula,,,,1,Calandrinia,grandiflora,,,p2,y,,
3Sep2023lileh,,lile,,H,,,,,,N1,bee,,,,,1,Calandrinia,grandiflora,,,,n,"missed, small dark",
3Sep2023lileh,,lile,,H,,,,,,N2,bee,,,,,1,Calandrinia,grandiflora,,,s1,y,"small, dark",
3Sep2023lileh,,lile,,H,,,,,,N2,unidentified,,,,,1,Calandrinia,grandiflora,,,,n,missed,
3Sep2023lileh,,lile,,H,,,,,,N2,bee,Agapostemon,texanus,,,1,Calandrinia,grandiflora,,,p3,y,male,
3Sep2023lileh,,lile,,H,,,,,,N2,unidentified,,,,,1,Calandrinia,grandiflora,,,,n,"small, dark",
3Sep2023lileh,,lile,,H,,,,,,N2,bee,,,,,1,Calandrinia,grandiflora,,,s2,y,"small, dark",
3Sep2023lileh,,lile,,H,,,,,,N2,bee,,,,,1,Calandrinia,grandiflora,,,,n,missed,
3Sep2023lileh,,lile,,H,,,,,,N2,bee,,,,,1,Symphyotrichum,chilense,,,s3,y,"yellow pollen, saw on Symphyotrichum, but then captured on Cal gra",
3Sep2023lilec,,lile,,C,,,,,,snapshot,,,,,,0,,,,,,,,
3Sep2023lilec,,lile,,C,,,,,,N1,,,,,,0,,,,,,,,
3Sep2023lilec,,lile,,C,,,,,,N2,,,,,,0,,,,,,,,
30Aug2023wewah,,wewa,,H,,,,,,snapshot,,,,,,0,,,,,,,,
30Aug2023wewah,,wewa,,H,,,,,,N1,hoverfly,,,,,1,Symphyotrichum,chilense,,,p1,,,
30Aug2023wewah,,wewa,,H,,,,,,N2,,,,,,0,,,,,,,,
3Sep2023wywenh,,wywe,,NH,,,,,,snapshot,unidentified,,,,,1,Achillea,millefolium,,pollen,,,,
3Sep2023wywenh,,wywe,,NH,,,,,,N1,bee,,,,,1,Achillea,millefolium,,pollen,s1,y,"long visit, orange pollen",
3Sep2023wywenh,,wywe,,NH,,,,,,N1,bee,,,,,1,Achillea,millefolium,,,s2,y,,
3Sep2023wywenh,,wywe,,NH,,,,,,N2,,,,,,0,,,,,,,,
3Sep2023wyweh,,wywe,,H,,,,,,snapshot,,,,,,0,,,,,,,,
3Sep2023wyweh,,wywe,,H,,,,,,N1,bee or wasp,,,,,1,Grindelia ,,,,s1,y,visiting Grindelia with no flower,
3Sep2023wyweh,,wywe,,H,,,,,,N2,,,,,,0,,,,,,,,
3Sep2023wywec,,wywe,,C,,,,,,snapshot,,,,,,0,,,,,,,,
3Sep2023wywec,,wywe,,C,,,,,,N1,unidentified,,,,,1,Knophofia,,,,,n,"on lvs of Red Hot Poker which had no flowers, missed",
3Sep2023wywec,,wywe,,C,,,,,,N2,,,,,,0,,,,,,,,
5Sep2023ymcah,,ymca,,H,,,,,,snapshot,bee,,,,,1,Symphyotrichum,chilense,,,,,,
5Sep2023ymcah,,ymca,,H,,,,,,snapshot,wasp,Vespula,,,,1,Grevillea,lanigera,,,,,,
5Sep2023ymcah,,ymca,,H,,,,,,N1,hoverfly,,,,,1,Symphyotrichum,chilense,,,p1,,,
5Sep2023ymcah,,ymca,,H,,,,,,N1,bee,Apis,mellifera,,,1,Grevillea,lanigera,,,p2,,,
5Sep2023ymcah,,ymca,,H,,,,,,N2,wasp?,,,,,1,Symphyotrichum,chilense,,,s1,,,
5Sep2023ymcah,,ymca,,H,,,,,,N2,bee,,,,,1,Grindelia ,stricta,,pollen,s2,,,
5Sep2023ymcah,,ymca,,H,,,,,,N2,bee,,,,,1,Grindelia ,stricta,,pollen,s3,,,
5Sep2023shtanh,,shta,,NH,,,,,,snapshot,bee,Bombus,,,,1,Calandrinia,grandiflora,,,,,,
5Sep2023shtanh,,shta,,NH,,,,,,snapshot,wasp,Vespula,,,,1,Eriogonum,latifolium,,,,,,
5Sep2023shtanh,,shta,,NH,,,,,,N1,bee,Bombus,vosnesenskii,,female,1,Calandrinia,grandiflora,,pollen,p1,,red pollen on legs,
5Sep2023shtanh,,shta,,NH,,,,,,N1,bee,Apis,mellifera,,,1,Calandrinia,grandiflora,,pollen,p2,,,
5Sep2023shtanh,,shta,,NH,,,,,,N1,wasp,,,,,1,Eriogonum,latifolium,,,p3,,near ERLA,
5Sep2023shtanh,,shta,,NH,,,,,,N1,bee,Apis,mellifera,,,1,Calandrinia,grandiflora,,pollen,p4,,,
5Sep2023shtanh,,shta,,NH,,,,,,N2,hoverfly,,,,,1,Achillea,millefolium,,,p5,,near ACMI,
5Sep2023shtanh,,shta,,NH,,,,,,N2,wasp,Vespula,,,,1,Achillea,millefolium,,,p6,,,
5Sep2023shtanh,,shta,,NH,,,,,,N2,bee,Bombus,caliginosus?,"hint of yellow hairs edges of sternites, looks""shaggy""",,1,Calandrinia,grandiflora,,,p7,,,
5Sep2023shtanh,,shta,,NH,,,,,,N2,bee,Apis,mellifera,,,1,Calandrinia,grandiflora,,,p8,,,
5Sept2023shtah,,shta,,H,,,,,,snapshot,butterfly,Vanessa,,,,1,Grindelia ,hirsitula,,,,,"LG wrote ""American Lady""",
5Sept2023shtah,,shta,,H,,,,,,snapshot,hoverfly,,,,,2,Grindelia ,hirsitula,,,,,,
5Sept2023shtah,,shta,,H,,,,,,snapshot,hoverfly,,,,,1,Symphyotrichum,chilense,,,,,,
5Sept2023shtah,,shta,,H,,,,,,N1,bee,Apis,mellifera,,,1,Grevillea,lanigera,,,p1,,,
5Sept2023shtah,,shta,,H,,,,,,N1,bee,,,,,1,Grindelia ,hirsitula,,,s1,,,
5Sept2023shtah,,shta,,H,,,,,,N1,bee,Apis,mellifera,,,1,Grevillea,lanigera,,,p2,,,
5Sept2023shtah,,shta,,H,,,,,,N2,butterfly,Vanessa,,,,1,Grindelia ,hirsitula,,,,,"LG wrote ""American Lady""",
5Sept2023shtah,,shta,,H,,,,,,N2,hoverfly,,,,,1,Grindelia ,hirsitula,,,p3,,,
3May2023shtah,,shta,,H,,,,,,snapshot,,,,,,0,,,,,,,,
3May2023shtah,,shta,,H,,,,,,N1,,,,,,0,,,,,,,,
3May2023shtah,,shta,,H,,,,,,N2,bee,Bombus,vos?,can't find photo,,1,p1,,,,,,,
3May2023wywec,,wywe,,C,,,,,,snapshot,,,,,,0,,,,,,,,
3May2023wywec,,wywe,,C,,,,,,N1,,,,,,0,,,,,,,,
3May2023wywec,,wywe,,C,,,,,,N2,,,,,,0,,,,,,,,
20Jun2023lileh,,lile,,H,,,,,,snapshot,,,,,,0,,,,,,,,
20Jun2023lileh,,lile,,H,,,,,,N1,,,,,,0,,,,,,,,
20Jun2023lileh,,lile,,H,,,,,,N2,,,,,,1,Calandrinia,grandiflora,,,s1,,,
20Jun2023lilec,,lile,,C,,,,,,snapshot,hoverfly,,,,,1,,,,,,,no particular plant,
20Jun2023lilec,,lile,,C,,,,,,N1,,,,,,1,,,,,p1,,no particular plant,
20Jun2023lilec,,lile,,C,,,,,,N1,,,,,,1,Aloe,saporina,,,p2,,,
20Jun2023lilec,,lile,,C,,,,,,N2,,,,,,0,,,,,,,,
20June2023lilenh,,lile,,NH,,,,,,snapshot,wasp,,,,,1,,,,,,,,
20June2023lilenh,,lile,,NH,,,,,,N1,wasp,get photo,,,,1,,,,,p1,,in veg,
20June2023lilenh,,lile,,NH,,,,,,N2,wasp,get photo,,,,1,Aloe,saporina,,,p2,,,
20June2023lilenh,,lile,,NH,,,,,,N2,wasp,get photo,,,,1,Vicia ,sativa,,,p3,,,
20June2023foscnh,,fosc,,NH,,,,,,snapshot,,,,,,0,,,,,,,,
20June2023foscnh,,fosc,,NH,,,,,,N1,bee,Bombus,vosnesenskii,"""tidy"" haircut; could not see underside well",female,1,Eschscholzia ,californica,,pollen,p1,,orange pollen balls on legs,
20June2023foscnh,,fosc,,NH,,,,,,N2,,,,,,0,,,,,,,,
20June2023foscc,,fosc,,C,,,,,,snapshot,,,,,,0,,,,,,,,
20June2023foscc,,fosc,,C,,,,,,N1,,,,,,0,,,,,,,,
20June2023foscc,,fosc,,C,,,,,,N2,hoverfly,,,,,1,,,,,,n,missed,
20June2023fosch,,fosc,,H,,,,,,snapshot,,,,,,0,,,,,,,,
20June2023fosch,,fosc,,H,,,,,,N1,hoverfly,,,,,1,Rosa,,,,,n,missed,verify photos
20June2023fosch,,fosc,,H,,,,,,N2,fly,,,,,1,Rosa,,,,,n,missed,verify photos
20June2023fosch,,fosc,,H,,,,,,N2,hoverfly,,,,,1,grass,,,,,n,missed,verify photos
20June2023fosch,,fosc,,H,,,,,,N2,fly,,,,,1,Rosa,,,,p1,y,on rose leaves,verify photos
20June2023fosch,,fosc,,H,,,,,,N2,hoverfly,,,,,1,Rosa,,,,p2,y,,verify photos
14July2023ymcah,,ymca,,H,,,,,,snapshot,bee,,,,,1,Symphyotrichum,chilense,,,,,small dark bee,
14July2023ymcah,,ymca,,H,,,,,,snapshot,bee,Agapostemon,texanus,,,1,Symphyotrichum,chilense,,,,,male,
14July2023ymcah,,ymca,,H,,,,,,snapshot,bee,Bombus,,,,1,Horkelia,californica,,,,,looked like Bombus vosnesenskii/calig,
14July2023ymcah,,ymca,,H,,,,,,N1,bee,,,,,1,Symphyotrichum,chilense,,,s1,y,small dark bee,
14July2023ymcah,,ymca,,H,,,,,,N1,bee,Bombus,caliginosus,"""shaggy"" haircut; yellow hairs sternites, and under thorax",,1,Phacelia ,californica,,,p1,y,,
14July2023ymcah,,ymca,,H,,,,,,N1,bee,,,,,1,Symphyotrichum,chilense,,,s2,y,,
14July2023ymcah,,ymca,,H,,,,,,N1,bee,Apis,mellifera,,,1,Correa ,pulchella,,,p2,y,,
14July2023ymcah,,ymca,,H,,,,,,N1,bee,Bombus,vos/calig,"""shaggy"" haircut; could not see yellow hairs underneathe",female,1,Phacelia ,californica,,pollen,p3,y,beige pollen sack,
14July2023ymcah,,ymca,,H,,,,,,N2,,,,,,0,,,,,,,,
14July2023ymcanh,,ymca,,NH,,,,,,snapshot,bee,,,,,1,,,,,,,"small dark bee, on ground/woodchips",
14July2023ymcanh,,ymca,,NH,,,,,,snapshot,bee,,,,,1,Grevillea,lanigera,,,,,small dark bee,
14July2023ymcanh,,ymca,,NH,,,,,,snapshot,wasp,,,,,1,,,,,,,"""spider wasp""  Pompilidae, on ground",
14July2023ymcanh,,ymca,,NH,,,,,,snapshot,hoverfly,,,,,1,Euphorbia,peplus,,,,,,
14July2023ymcanh,,ymca,,NH,,,,,,N1,hoverfly,,,,,1,Grevillea,lanigera,,,p1,y,not visiting any obvious flower,
14July2023ymcanh,,ymca,,NH,,,,,,N1,wasp,,,,,1,,,,,p2,y,"on ground, loose soil, ""Spider wasp"" Pompilidae",
14July2023ymcanh,,ymca,,NH,,,,,,N1,hoverfly,,,,,1,Achillea,millefolium,,,,n,"missed, buzzing around plant",
14July2023ymcanh,,ymca,,NH,,,,,,N1,hoverfly,,,,,1,,,,,p3,y,fly low to ground near Calystegia vegetation,
14July2023ymcanh,,ymca,,NH,,,,,,N2,bee,,,,,1,,,,,s1,y,fly low to ground,
14July2023ymcanh,,ymca,,NH,,,,,,N2,bee,,,,,1,Eriogonum,latifolium,,nectar,s2,y,"likely nectaring because lots of bright yellow pollen on legs, so unlikely pollen was from Eriogonum.",
14July2023ymcanh,,ymca,,NH,,,,,,N2,hoverfly,,,,,1,Calystegia ,purpurata,,,,,lands on leaf (missed),
19July2023shtah,,shta,,H,,,,,,snapshot,bee,Bombus,,,,3,Horkelia,californica,,,,,,
19July2023shtah,,shta,,H,,,,,,N1,bee,Bombus ,caliginosus,yellow hairs sternites,,1,Horkelia,californica,,,p1,y,Calig?  Maybe yellow hair on abdomen,
19July2023shtah,,shta,,H,,,,,,N1,bee,Bombus ,caliginosus,yellow hairs sternites and underneathe thorax,,1,Horkelia,californica,,,p2,y,,
19July2023shtah,,shta,,H,,,,,,N1,bee,Bombus ,caliginosus,went off of shaginess,,1,Horkelia,californica,,,p3,y,,
19July2023shtah,,shta,,H,,,,,,N1,bee,Bombus ,caliginosus,"""shaggy"", yellow on sternites and underneathe thorax",,1,Horkelia,californica,,,p4,y,,
19July2023shtah,,shta,,H,,,,,,N1,bee,Bombus ,caliginosus,"""shaggy""; yellow on sternites",,1,Horkelia,californica,,,p5,y,,
19July2023shtah,,shta,,H,,,,,,N1,bee,Bombus ,caliginosus,"""shaggy""; yellow on sternites",,1,Horkelia,californica,,,p6,y,,
19July2023shtah,,shta,,H,,,,,,N2,bee,Bombus,caliginosus,"""shaggy""; yellow on sternites and underneathe thorax",,1,Horkelia,californica,,,p7,y,lots of yellow hair underneathe,
21Jul2023lilenh,,lile,,NH,,,,,,snapshot,bee,Bombus,vos/calig,,,1,Achillea,millefolium,,,,,,
21Jul2023lilenh,,lile,,NH,,,,,,N1,bee,Colletes?,,,,1,Achillea,millefolium,,pollen,s1,,Colletes?  Has yellow pollen on legs,
21Jul2023lilenh,,lile,,NH,,,,,,N1,wasp,Vespula,,,,1,Achillea,millefolium,,,p1,,,
21Jul2023lilenh,,lile,,NH,,,,,,N2,,,,,,0,,,,,,,,
21Jul2023lilec,,lile,,C,,,,,,snapshot,,,,,,0,,,,,,,,
21Jul2023lilec,,lile,,C,,,,,,N1,,,,,,0,,,,,,,,
21Jul2023lilec,,lile,,C,,,,,,N2,,,,,,0,,,,,,,,
25Jul2023fscgc,,fscg,,C,,,,,,snapshot,bee,Apis,mellifera,,,1,Salvia,rosmarinus,,nectar,,,flying by nearby plant,
25Jul2023fscgc,,fscg,,C,,,,,,N1,bee,,,,,1,,,,,s1,,"ground, nesting?",
25Jul2023fscgc,,fscg,,C,,,,,,N2,,,,,,0,,,,,,,,
25Jul2023fscgnh,,fscg,,NH,,,,,,snapshot,,,,,,0,,,,,,,,
25Jul2023fscgnh,,fscg,,NH,,,,,,N1,bee,,,,,1,Tropaelum,majus,,,s1,y,,
25Jul2023fscgnh,,fscg,,NH,,,,,,N1,bee,,,,,1,,,,,s2,y,"going to dead sticks on ground, had pollen on it",
25Jul2023fscgnh,,fscg,,NH,,,,,,N2,hoverfly,,,,,1,,,,,,n,missed,
25Jul2023fscgnh,,fscg,,NH,,,,,,N2,wasp,,,,,1,Digitalis,,,,,n,missed,
21Jul2023shtanh,,shta,,NH,,,,,,snapshot,hoverfly,,,,,1,Achillea,millefolium,,,,,,
21Jul2023shtanh,,shta,,NH,,,,,,snapshot,bee,,,,,1,Eschscholzia,californica,,pollen,,,small dark bee,
21Jul2023shtanh,,shta,,NH,,,,,,N1,hoverfly,,,,,1,Achillea,millefolium,,,p1,y,,
21Jul2023shtanh,,shta,,NH,,,,,,N1,bee,Apis,mellifera,,,1,Calandrinia,grandiflora,,,p2,y,,
21Jul2023shtanh,,shta,,NH,,,,,,N2,unidentified,,,,,1,Achillea,millefolium,,,p3,,tiny fly-looking thing! Escaped when about to photo,
21Jul2023shtanh,,shta,,NH,,,,,,N2,bee,,,,,1,Achillea,millefolium,,,,n,escaped net!,
21Jul2023shtanh,,shta,,NH,,,,,,N2,bee,Bombus,caliginosus,"lots of yellow underneathe: both under sternites, and thorax. Plus a hint of yellow posterior of upper thorax",,1,Monardella ,villosa,,,p4,y,yellow hair bands underneathe abdomen,
24Jul2023wywec,,wywe,,C,,,,,,snapshot,,,,,,0,,,,,,,,
24Jul2023wywec,,wywe,,C,,,,,,N1,,,,,,0,,,,,,,,
24Jul2023wywec,,wywe,,C,,,,,,N2,,,,,,0,,,,,,,,
24Jul2023wywenh,,wywe,,NH,,,,,,snapshot,,,,,,0,,,,,,,,
24Jul2023wywenh,,wywe,,NH,,,,,,N1,,,,,,0,,,,,,,,
24Jul2023wywenh,,wywe,,NH,,,,,,N2,bee,,,,,1,,,,,,n,missed,
25Jul2023fscgh,,fscg,,H,,,,,,snapshot,hoverfly,,,,,2,Nepeta,cataria,,,,,,
25Jul2023fscgh,,fscg,,H,,,,,,N1,bee,Agapostemon,texanus,,,1,Nepeta,cataria,,,p1,y,female,
25Jul2023fscgh,,fscg,,H,,,,,,N1,bee,Agapostemon,texanus,,,1,Nigella,,,,,n,missed,
25Jul2023fscgh,,fscg,,H,,,,,,N2,bee,,,,,1,,,,,s2,,(or should this be s1?),
21Jul2023lileh,,lile,,H,,,,,,snapshot,bee,Bombus,,,,2,Calandrinia,grandiflora,,,,,"Note: saw Bombus ""vos"" find 3 tiny flowers of PHA CAL, and another find small bloom of HOR CAL.  They find it!",
21Jul2023lileh,,lile,,H,,,,,,N1,bee,Bombus,vosnesenskii,"neat haircut, no yellow underneathe",,1,Horkelia,californica,,,p1,,"Large Queen; Note: saw Bombus ""vos"" find 3 tiny flowers of PHA CAL, and another find small bloom of HOR CAL.  They find it!",
21Jul2023lileh,,lile,,H,,,,,,N2,bee,,,,,1,Calandrinia,grandiflora,,,s1,,"long visit, but didn't see pollen on body; Note: saw Bombus ""vos"" find 3 tiny flowers of PHA CAL, and another find small bloom of HOR CAL.  They find it!",
25Jul2023shtac,,shta,,C,,,,,,snapshot,,,,,,0,,,,,,,,
25Jul2023shtac,,shta,,C,,,,,,N1,,,,,,0,,,,,,,,
25Jul2023shtac,,shta,,C,,,,,,N2,,,,,,0,,,,,,,,
24Jul2023wyweh,,wywe,,H,,,,,,snapshot,,,,,,0,,,,,,,,
24Jul2023wyweh,,wywe,,H,,,,,,N1,hoverfly,,,,,1,,,,,,n,missed,
24Jul2023wyweh,,wywe,,H,,,,,,N2,,,,,,0,,,,,,,,
24Jul2023foscc,,fosc,,C,,,,,,snapshot,,,,,,0,,,,,,,,
24Jul2023foscc,,fosc,,C,,,,,,N1,Vespula,,,,,1,Rosa,,,,,n,visiting senesced buds,
24Jul2023foscc,,fosc,,C,,,,,,N2,,,,,,0,,,,,,,,
31Jul2023eawac,,eawa,,C,,,,,,snapshot,,,,,,0,,,,,,,,
31Jul2023eawac,,eawa,,C,,,,,,N1,,,,,,0,,,,,,,,
31Jul2023eawac,,eawa,,C,,,,,,N2,,,,,,0,,,,,,,,
31Jul2023wewah,,wewa,,H,,,,,,snapshot,bee,Bombus,,,,1,Grindelia ,hirsitula,,,,,vosnesenski?,
31Jul2023wewah,,wewa,,H,,,,,,N1,,,,,,0,,,,,,,,
31Jul2023wewah,,wewa,,H,,,,,,N2,bee,Bombus,caliginosus,"shaggy haircut, yellow on sternites and underneathe thorax",,1,Calandrinia,grandiflora,,nectar,p1,,,
05Jul2023shtac,,shta,,C,,,,,,snapshot,,,,,,0,,,,,,,,
05Jul2023shtac,,shta,,C,,,,,,N1,,,,,,0,,,,,,,,
05Jul2023shtac,,shta,,C,,,,,,N2,hoverfly,,,,,1,,,,,,n,"buzz around plot, no flower visit",
05Jul2023shtac,,shta,,C,,,,,,N2,hoverfly,,,,,1,,,,,,y,"photographed ""23MayshtaControl""; on veg, not flower.",
23May2023shtanh,,shta,,NH,,,,,,snapshot,,,,,,0,,,,,,,,
23May2023shtanh,,shta,,NH,,,,,,N1,hoverfly,,,,,1,Grevillea,lanigera,,,,n,missed,
23May2023shtanh,,shta,,NH,,,,,,N2,hoverfly,,,,,1,Sidalcea ,malviflora,,,,y,"photographed ""23May2023shtanhspec#1""long visit; ",
06Jul2023wyweh,,wywe,,H,,,,,,snapshot,bee,,,,,1,Hebe,speciosa,,,,,"small bee, ""Halictus-looking""; long visit but see no pollen",
06Jul2023wyweh,,wywe,,H,,,,,,N1,bee,,,,,1,Hebe,speciosa,,,,n,"missed; small bee, ""Halictus-looking"", ",
06Jul2023wyweh,,wywe,,H,,,,,,N1,bee,,,,,1,,,,,,n,"missed; small bee, ""Halictus-looking"", burrow into woodchips",
06Jul2023wyweh,,wywe,,H,,,,,,N1,bee,Bombus,vos/calig,,,1,Hebe,speciosa,,,,n,"missed; ""vos""-looking",
06Jul2023wyweh,,wywe,,H,,,,,,N2,bee,Bombus,vos/calig,,,1,Hebe,speciosa,,,,n,"missed; ""vos""-looking",
06Jul2023wywenh,,wywe,,NH,,,,,,snapshot,,,,,,0,,,,,,,,
06Jul2023wywenh,,wywe,,NH,,,,,,N1,,,,,,0,,,,,,,,
06Jul2023wywenh,,wywe,,NH,,,,,,N2,,,,,,0,,,,,,,,
06Jul2023wywec,,wywe,,C,,,,,,snapshot,,,,,,0,,,,,,,,
06Jul2023wywec,,wywe,,C,,,,,,N1,,,,,,0,,,,,,,,
06Jul2023wywec,,wywe,,C,,,,,,N2,Vespula,,,,,1,,,,,,n,"missed; fly low to ground, ""yellow-jacket"" sized",
06Jul2023stavc,,stav,,C,,,,,,snapshot,bee,Bombus,vos/calig,,,1,Fuschia,thymifolia,,pollen,,,"""Vosnesenskii/Caliginosus""see cream-colored pollen ball on let",
06Jul2023stavc,,stav,,C,,,,,,N1,bee,Bombus,caliginosus,very fine light hairs sternites; shaggy haircut,,1,Fuschia,thymifolia,,,"p-1,2,3",y,"""Vosnesenskii/Caliginosus""",
06Jul2023stavc,,stav,,C,,,,,,N2,,,,,,0,,,,,,,,
06Jul2023stavnh,,stav,,NH,,,,,,snapshot,,,,,,0,,,,,,,"Note:  feels ""cold, gloomy, and late""",
06Jul2023stavnh,,stav,,NH,,,,,,N1,bee,Bombus,vos/calig,,,1,Fuschia,thymifolia,,nectar,,n,"missed; ""Vos/Calig""; quick visit; Note:  feels ""cold, gloomy, and late""",
06Jul2023stavnh,,stav,,NH,,,,,,N2,bee,Bombus,vosnesenskii,neat haircut; underside not super clear colors,,1,Fuschia,thymifolia,,,"p1-1,2,3",y,"Note:  feels ""cold, gloomy, and late""",
10Jul2023stavh,,stav,,H,,,,,,snapshot,bee,Bombus,vos/calig,,,7,Phacelia ,californica,,,,,one queen?,
10Jul2023stavh,,stav,,H,,,,,,N1,bee,Bombus,vosnesenskii,neat haircut; underside not super clear colors,,1,Phacelia ,californica,,pollen,p1,y,"netted by MM,LG in 2:30 increments",
10Jul2023stavh,,stav,,H,,,,,,N1,bee,Bombus,vos/calig,low res photo,,1,Phacelia ,californica,,pollen,p2,y,"netted by MM,LG in 2:30 increments",
10Jul2023stavh,,stav,,H,,,,,,N1,bee,Bombus,vos/calig,no photo,,1,Phacelia ,californica,,pollen,p3,y,"netted by MM,LG in 2:30 increments",
10Jul2023stavh,,stav,,H,,,,,,N1,bee,Bombus,vosnesenskii,neat haircut; underside not super clear colors,,1,Phacelia ,californica,,pollen,p4,y,"netted by MM,LG in 2:30 increments",
10Jul2023stavh,,stav,,H,,,,,,N1,bee,Bombus,caliginosus,"shaggy haircut, yellow on sternites and underneathe thorax",,1,Phacelia ,californica,,pollen,p5,y,"netted by MM,LG in 2:30 increments",
10Jul2023stavh,,stav,,H,,,,,,N1,bee,Bombus,vos/calig,no photo,,1,Phacelia ,californica,,nectar,p6,y,"netted by MM,LG in 2:30 increments",
10Jul2023stavh,,stav,,H,,,,,,N1,bee,Bombus,caliginosus,"shaggy haircut, yellow on sternites and underneathe thorax",,1,Phacelia ,californica,,pollen,p7,y,"netted by MM,LG in 2:30 increments",
10Jul2023stavh,,stav,,H,,,,,,N1,hoverfly,,,,,1,Symphyotrichum,chilense,,,p8,y,"netted by MM,LG in 2:30 increments; near plant",
10Jul2023stavh,,stav,,H,,,,,,N1,hoverfly,,,,,1,Grindelia ,stricta,,,p9,y,"netted by MM,LG in 2:30 increments; near plant",
10Jul2023stavh,,stav,,H,,,,,,N2,wasp,Vespula,,,,1,Phacelia ,californica,,,p10,n,missed;,
10Jul2023stavnh,,stav,,NH,,,,,,snapshot,bee,Bombus,,,,1,,,,,,,fly-in,
10Jul2023stavnh,,stav,,NH,,,,,,N1,,,,,,0,,,,,,,,
10Jul2023stavnh,,stav,,NH,,,,,,N2,bee,Bombus,,no photo,,1,Calystegia ,purpurata,,,,y,,
11Jul2023eawah,,eawa,,H,,,,,,snapshot,,,,,,0,,,,,,,,
11Jul2023eawah,,eawa,,H,,,,,,N1,,,,,,0,,,,,,,,
11Jul2023eawah,,eawa,,H,,,,,,N2,,,,,,0,,,,,,,,
01Aug2023stavc,,stav,,C,,,,,,snapshot,,,,,,0,,,,,,,,
01Aug2023stavc,,stav,,C,,,,,,N1,wasp,Vespula,,,,1,Hydrangea ,quercifolia,,,p1,y,,
01Aug2023stavc,,stav,,C,,,,,,N1,bee,Bombus,,,,1,Hydrangea ,quercifolia,,,,n,missed,
01Aug2023stavc,,stav,,C,,,,,,N2,bee,Bombus,caliginosus,yellow hairs sternites,,1,Fuschia,thymifolia,,,2,y,,
01Aug2023stavh,,stav,,H,,,,,,snapshot,bee,Bombus,,,,5,Phacelia ,californica,,,,,,
01Aug2023stavh,,stav,,H,,,,,,snapshot,bee,Bombus,,,,1,Symphyotrichum,chilense,,,,,,
01Aug2023stavh,,stav,,H,,,,,,snapshot,bee,Bombus,,,,1,Horkelia,californica,,,,,,
01Aug2023stavh,,stav,,H,,,,,,N1,bee,Bombus,caliginosus,,,1,Phacelia ,californica,,,p1,,,
01Aug2023stavh,,stav,,H,,,,,,N1,bee,Bombus,vosnesenskii,,,1,Phacelia ,californica,,,p2,,,
01Aug2023stavh,,stav,,H,,,,,,N1,bee,Bombus,vosnesenskii,,,1,Phacelia ,californica,,,p3,,,
01Aug2023stavh,,stav,,H,,,,,,N1,bee,Bombus,caliginosus,,,1,Phacelia ,californica,,,p4,,,
01Aug2023stavh,,stav,,H,,,,,,N1,bee,Bombus,,,,1,Phacelia ,californica,,,p5,,,
01Aug2023stavh,,stav,,H,,,,,,N1,bee,Bombus,vosnesenskii,,,1,Phacelia ,californica,,,p6,,,
01Aug2023stavh,,stav,,H,,,,,,N1,bee,Bombus,caliginosus,,,1,Phacelia ,californica,,,p7,,,
01Aug2023stavh,,stav,,H,,,,,,N1,bee,Bombus,caliginosus,,,1,Horkelia,californica,,,p8,,,
01Aug2023stavh,,stav,,H,,,,,,N1,bee,Bombus,caliginosus,,,1,Horkelia,californica,,,p9,,,
01Aug2023stavh,,stav,,H,,,,,,N1,bee,Bombus,caliginosus,,,1,Phacelia ,californica,,,p10,,,
01Aug2023stavh,,stav,,H,,,,,,N1,bee,Bombus,vosnesenskii,,,1,Phacelia ,californica,,,p11,,,
01Aug2023stavh,,stav,,H,,,,,,N1,bee,Bombus,caliginosus,,,1,Phacelia ,californica,,,p12,,,
01Aug2023stavh,,stav,,H,,,,,,N1,bee,Bombus,vosnesenskii,,,1,Phacelia ,californica,,,p13,,,
01Aug2023stavh,,stav,,H,,,,,,N1,bee,Bombus,caliginosus,,,1,Horkelia,californica,,,p14,,,
01Aug2023stavh,,stav,,H,,,,,,N2,bee,Bombus,caliginosus,,,1,Horkelia,californica,,,p15,,,
01Aug2023stavh,,stav,,H,,,,,,N2,bee,Bombus,caliginosus,,,1,Grindelia ,hirsitula,,,p16,,,
01Aug2023stavh,,stav,,H,,,,,,N2,bee,Bombus,caliginosus,,,1,Phacelia ,californica,,,p17,,,
01Aug2023stavh,,stav,,H,,,,,,N2,bee,Bombus,caliginosus,,,1,Symphyotrichum,chilense,,,p18,,,
31Jul2023foscnh,,fosc,,NH,,,,,,snapshot,hoverfly,,,,,1,Achillea,millefolium,,,,,landed on leaf,
31Jul2023foscnh,,fosc,,NH,,,,,,N1,hoverfly,,,,,1,Achillea,millefolium,,,,n,missed,
31Jul2023foscnh,,fosc,,NH,,,,,,N2,bee,,,,,1,Monardella ,villosa,,,s1,y,,
31Jul2023foscnh,,fosc,,NH,,,,,,N2,bee,,,,,1,Eriogonum,latifolium,,,,n,missed,
31Jul2023foscnh,,fosc,,NH,,,,,,N2,bee,,,,,1,Achillea,millefolium,,,s2,y,,
31Jul2023fosch,,fosc,,H,,,,,,snapshot,,,,,,0,,,,,,,,
31Jul2023fosch,,fosc,,H,,,,,,N1,,,,,,0,,,,,,,,
31Jul2023fosch,,fosc,,H,,,,,,N2,,,,,,0,,,,,,,,
31Jul2023foscc,,fosc,,C,,,,,,snapshot,,,,,,0,,,,,,,,
31Jul2023foscc,,fosc,,C,,,,,,N1,wasp,Vespula,,,,1,,,,,p1,y,fly low to ground,
31Jul2023foscc,,fosc,,C,,,,,,N2,wasp,,,,,1,Rosa,,,,,n,missed,
31Jul2023wewac,,wewa,,C,,,,,,snapshot,,,,,,0,,,,,,,,
31Jul2023wewac,,wewa,,C,,,,,,N1,,,,,,0,,,,,,,,
31Jul2023wewac,,wewa,,C,,,,,,N2,,,,,,0,,,,,,,,
31Jul2023wewanh,,wewa,,NH,,,,,,snapshot,,,,,,0,,,,,,,,
31Jul2023wewanh,,wewa,,NH,,,,,,N1,,,,,,0,,,,,,,,
31Jul2023wewanh,,wewa,,NH,,,,,,N2,,,,,,0,,,,,,,,
11Jul2023eawanh,,eawa,,NH,,,,,,snapshot,,,,,,0,,,,,,,,
11Jul2023eawanh,,eawa,,NH,,,,,,N1,,,,,,0,,,,,,,,
11Jul2023eawanh,,eawa,,NH,,,,,,N2,hoverfly,,,,,1,Hydrangea ,,,,,n,missed,
11Jul2023eawanh,,eawa,,NH,,,,,,N2,hoverfly,,,,,1,Hydrangea ,,,,,n,land on leaf; got away after netting,
11Jul2023eawac,,eawa,,C,,,,,,snapshot,bee,Bombus,,,,2,Pittosporum,,,,,,vosnesenskii/calig,
11Jul2023eawac,,eawa,,C,,,,,,N1,bird,hummingbird,,,,1,Pittosporum,,,nectar,,n,Anna's hummingbird,
11Jul2023eawac,,eawa,,C,,,,,,N1,bee,Bombus,vos/calig,,,1,Pittosporum,,,,,n,missed,
11Jul2023eawac,,eawa,,C,,,,,,N2,,,,,,0,,,,,,,,
11Jul2023wewac,,wewa,,C,,,,,,snapshot,,,,,,0,,,,,,,,
11Jul2023wewac,,wewa,,C,,,,,,N1,,,,,,0,,,,,,,,
11Jul2023wewac,,wewa,,C,,,,,,N2,,,,,,0,,,,,,,,
11Jul2023wewanh,,wewa,,NH,,,,,,snapshot,bee,Bombus,,,,1,Aeonium,nobilis,,nectar,,,,
11Jul2023wewanh,,wewa,,NH,,,,,,N1,bee,Bombus,,,,1,Aeonium,nobilis,,nectar,p1,y,,
11Jul2023wewanh,,wewa,,NH,,,,,,N2,bee,Bombus,caliginosus,yellow hairs sternites,female,1,Aeonium,nobilis,,,p2,y,,
11Jul2023wewanh,,wewa,,NH,,,,,,N2,hoverfly,,,,,1,Aeonium,nobilis,,,p3,y,,
11Jul2023wewanh,,wewa,,NH,,,,,,N2,bee,Bombus,,,,1,Aeonium,nobilis,,,p4,y,,
11Jul2023wewah,,wewa,,H,,,,,,snapshot,bee,Bombus,vos/calig,,,1,Horkelia,californica,,nectar,,,quick visits,
11Jul2023wewah,,wewa,,H,,,,,,N1,,,,,,0,,,,,,,,
11Jul2023wewah,,wewa,,H,,,,,,N2,,,,,,0,,,,,,,,
12Jul2023mpsunh,,mpsu,,NH,,,,,,snapshot,,,,,,0,,,,,,,,
12Jul2023mpsunh,,mpsu,,NH,,,,,,N1,,,,,,0,,,,,,,,
12Jul2023mpsunh,,mpsu,,NH,,,,,,N2,bee,Bombus,vosnesenskii,no yellow underneathe,,1,Pseudognaphalium,luteoalbum,,,p1,,hovered around plant; this was done in 2:30 increments with both DG and Mmo netting simultaneously (Margarita's first time),
12Jul2023mpsuh,,mpsu,,H,,,,,,snapshot,,,,,,0,,,,,,,,
12Jul2023mpsuh,,mpsu,,H,,,,,,N1,,,,,,0,,,,,,,,
12Jul2023mpsuh,,mpsu,,H,,,,,,N2,bee,Bombus,vosnesenskii,no yellow underneathe,,1,Phacelia ,californica,,,p1,y,,
12Jul2023mpsuc,,mpsu,,C,,,,,,snapshot,,,,,,0,,,,,,,,
12Jul2023mpsuc,,mpsu,,C,,,,,,N1,,,,,,0,,,,,,,,
12Jul2023mpsuc,,mpsu,,C,,,,,,N2,,,,,,0,,,,,,,,
07Aug2023mpsuh,,mpsu,,H,,,,,,snapshot,hoverfly,,,,,1,Perideridia,kellogii,,,,,,
07Aug2023mpsuh,,mpsu,,H,,,,,,N1,hoverfly,,,,,1,Perideridia,kellogii,,,,n,missed,
07Aug2023mpsuh,,mpsu,,H,,,,,,N2,,,,,,0,,,,,,,,
07Aug2023eawanh,,eawa,,NH,,,,,,snapshot,,,,,,0,,,,,,,,
07Aug2023eawanh,,eawa,,NH,,,,,,N1,bee or wasp,,,,,1,Hydrangea ,,,,s1,y,buzzing around plant,
07Aug2023eawanh,,eawa,,NH,,,,,,N2,bee or wasp,,,,,1,Hydrangea ,,,,s2,y,buzzing around plant,
07Aug2023eawac,,eawa,,C,,,,,,snapshot,,,,,,0,,,,,,,,
07Aug2023eawac,,eawa,,C,,,,,,N1,,,,,,0,,,,,,,,
07Aug2023eawac,,eawa,,C,,,,,,N2,,,,,,0,,,,,,,,
07Aug2023ymcah,,ymca,,H,,,,,,snapshot,hoverfly,,,,,1,flying around,,,,,,flying around,
07Aug2023ymcah,,ymca,,H,,,,,,snapshot,bee,,,,,1,Grindelia ,hirsitula,,,,,,
07Aug2023ymcah,,ymca,,H,,,,,,N1,bee,,,,,1,ground,,,,s1,y,,
07Aug2023ymcah,,ymca,,H,,,,,,N1,bee,,,,,1,Grindelia ,hirsitula,,,s2,y,,
07Aug2023ymcah,,ymca,,H,,,,,,N2,bee,,,,,1,Grindelia ,hirsitula,,pollen,s3,y,,
07Aug2023ymcac,,ymca,,C,,,,,,snapshot,,,,,,0,,,,,,,,
07Aug2023ymcac,,ymca,,C,,,,,,N1,hoverfly,,,,,1,Grevillea,lanigera,,,p1,y,hover around Grevillea,
07Aug2023ymcac,,ymca,,C,,,,,,N1,hoverfly,,,,,1,Grevillea,lanigera,,,p2,y,lands on Grevillea,
07Aug2023ymcac,,ymca,,C,,,,,,N2,bee or wasp,,,,,1,Grevillea,lanigera,,,s1,y,,
07Aug2023ymcac,,ymca,,C,,,,,,N2,bee or wasp,,,,,1,Grevillea,lanigera,,,s2,y,buzz around above Grevillea,
07Aug2023ymcanh,,ymca,,NH,,,,,,snapshot,,,,,,0,,,,,,,,
07Aug2023ymcanh,,ymca,,NH,,,,,,N1,wasp,Vespula,,,,1,Grevillea,lanigera,,,p1,y,hover around Grevillea,
07Aug2023ymcanh,,ymca,,NH,,,,,,N1,hoverfly,,,,,1,Grevillea,lanigera,,,p2,y,land on flower buds,
07Aug2023ymcanh,,ymca,,NH,,,,,,N1,bee,,,,,1,Achillea,millefolium,,,s1,y,,
07Aug2023ymcanh,,ymca,,NH,,,,,,N2,bee,Bombus,vos/calig,,female,1,Grevillea,lanigera,,,,n,missed; queen - was big,
07Aug2023mpsunh,,mpsu,,NH,,,,,,snapshot,butterfly,Vanessa,cardui,,,1,Monardella ,villosa,,,,,,
07Aug2023mpsunh,,mpsu,,NH,,,,,,snapshot,hoverfly,,,,,1,,,,,,,,
07Aug2023mpsunh,,mpsu,,NH,,,,,,snapshot,bee,"small,dark bee",,,,1,Eriogonum,latifolium,,,,,"small, dark bee",
07Aug2023mpsunh,,mpsu,,NH,,,,,,N1,Bombus,,,,,1,Monardella,villosa,,,p1,y,californicus?,
07Aug2023mpsunh,,mpsu,,NH,,,,,,N2,hoverfly,,,,,1,Monardella,villosa,,,p2,,,
07Aug2023mpsunh,,mpsu,,NH,,,,,,N2,bee,Agapostemon,texanus,"black and yellow abdomen, leg not fat",,1,Achillea,millefolium,,,p3,y,male,
07Aug2023mpsuc,,mpsu,,C,,,,,,snapshot,,,,,,0,,,,,,,,
07Aug2023mpsuc,,mpsu,,C,,,,,,N1,,,,,,0,,,,,,,,
07Aug2023mpsuc,,mpsu,,C,,,,,,N2,,,,,,0,,,,,,,,
07Aug2023eawah,,eawa,,H,,,,,,snapshot,wasp,Vespula,,,,1,Perideridia,kellogii,,,,,,
07Aug2023eawah,,eawa,,H,,,,,,N1,wasp,Vespula,,,,1,Perideridia,kellogii,,,p1,y,,
07Aug2023eawah,,eawa,,H,,,,,,N2,,,,,,0,,,,,,,,
01Aug2023stavnh,,stav,,NH,,,,,,snapshot,bee,Bombus,,,,1,Agapanthus,,,,,,feels cold and windy,
01Aug2023stavnh,,stav,,NH,,,,,,N1,,,,,,0,,,,,,,feels cold and windy,
01Aug2023stavnh,,stav,,NH,,,,,,N2,bee,Bombus,,,,1,Agapanthus,,,,,n,feels cold and windy,
24Jul2023stavh,,stav,,H,,,,,,snapshot,bee,Bombus,,,,6,Phacelia ,californica,,,,,,
24Jul2023stavh,,stav,,H,,,,,,N1,bee,Bombus,vosnesenskii,,,1,Phacelia ,californica,,,p1,y,,
24Jul2023stavh,,stav,,H,,,,,,N1,bee,Bombus,caliginosus,,,1,Phacelia ,californica,,,p2,y,,
24Jul2023stavh,,stav,,H,,,,,,N1,bee,Bombus,vosnesenskii,,,1,Phacelia ,californica,,,p3,y,,
24Jul2023stavh,,stav,,H,,,,,,N1,bee,Bombus,vosnesenskii,,,1,Horkelia,californica,,,p4,y,,
24Jul2023stavh,,stav,,H,,,,,,N1,bee,Bombus,vosnesenskii,,,1,Phacelia ,californica,,pollen,p5,y,,
24Jul2023stavh,,stav,,H,,,,,,N2,bee,Bombus,caliginosus,,,1,Phacelia ,californica,,,p6,y,,
24Jul2023stavh,,stav,,H,,,,,,N2,bee,Bombus,vosnesenskii,,,1,Phacelia ,californica,,,p7,y,,
24Jul2023stavc,,stav,,C,,,,,,snapshot,,,,,,0,,,,,,,,
24Jul2023stavc,,stav,,C,,,,,,N1,,,,,,0,,,,,,,,
24Jul2023stavc,,stav,,C,,,,,,N2,,,,,,0,,,,,,,,
10Jul2023stavc,,stav,,C,,,,,,snapshot,bee,Bombus,,,,1,,,,,,,fly-by,
10Jul2023stavc,,stav,,C,,,,,,N1,,,,,,0,,,,,,,,
10Jul2023stavc,,stav,,C,,,,,,N2,,,,,,0,,,,,,,,
24Jul2023stavnh,,stav,,NH,,,,,,snapshot,bee,Bombus,,,,1,Agapanthus,,,nectar,,,,
24Jul2023stavnh,,stav,,NH,,,,,,snapshot,wasp,,,,,1,,,,,,,,
24Jul2023stavnh,,stav,,NH,,,,,,N1,bee,Bombus,,,,1,Agapanthus,,,,,n,missed,
24Jul2023stavnh,,stav,,NH,,,,,,N2,,,,,,0,,,,,,,,
14Aug2023lilec,,lile,,C,,,,,,snapshot,,,,,,0,,,,,,,,
14Aug2023lilec,,lile,,C,,,,,,N1,,,,,,0,,,,,,,,
14Aug2023lilec,,lile,,C,,,,,,N2,,,,,,0,,,,,,,,
14Aug2023lileh,,lile,,H,,,,,,snapshot,bee,"small,dark bee",,,,2,Calandrinia,grandiflora,,,,,,
14Aug2023lileh,,lile,,H,,,,,,snapshot,wasp,,,,,1,Calandrinia,grandiflora,,,,,,
14Aug2023lileh,,lile,,H,,,,,,N1,bee,,,,,1,Calandrinia,grandiflora,,,s1,y,,
14Aug2023lileh,,lile,,H,,,,,,N1,wasp,Vespula,,,,1,Calandrinia,grandiflora,,,p1,y,,
14Aug2023lileh,,lile,,H,,,,,,N1,bee,Bombus,vosnesenskii,no yellow underneathe,,1,Calandrinia,grandiflora,,,p2,y,"orange, pinkish pollen on belly and leg",
14Aug2023lileh,,lile,,H,,,,,,N1,bee,,,,,1,Calandrinia,grandiflora,,,s2,y,,
14Aug2023lileh,,lile,,H,,,,,,N1,bee,Agapostemon,texanus,"yellow and black abdomen, leg not fat",,1,Calandrinia,grandiflora,,,p3,y,,
14Aug2023lileh,,lile,,H,,,,,,N1,bee,,,,,1,Calandrinia,grandiflora,,,s3,y,,
14Aug2023lileh,,lile,,H,,,,,,N1,bee,Bombus,,,,1,Calandrinia,grandiflora,,,,n,missed,
14Aug2023lileh,,lile,,H,,,,,,N1,hoverfly,,,,,1,Calandrinia,grandiflora,,,p4,y,,
14Aug2023lileh,,lile,,H,,,,,,N2,bee,,,,,1,Cotyledon,orbiculata,,,s4,y,,
14Aug2023lileh,,lile,,H,,,,,,N2,hoverfly,,,,,1,Calandrinia,grandiflora,,,p5,,,
14Aug2023lilenh,,lile,,NH,,,,,,snapshot,,,,,,0,,,,,,,,
14Aug2023lilenh,,lile,,NH,,,,,,N1,bee,"small,dark bee",,,,1,Monardella,villosa,,,,n,missed; no flowers on this plant,
14Aug2023lilenh,,lile,,NH,,,,,,N2,bee,,,,,1,Achillea,millefolium,,,s1,y,,
09Aug2023shtah,,shta,,H,,,,,,snapshot,bee,Bombus,,,,2,Horkelia,californica,,,,,,
09Aug2023shtah,,shta,,H,,,,,,N1,bee,,,,,1,Horkelia,californica,,pollen,s1,y,yellow pollen on legs,
09Aug2023shtah,,shta,,H,,,,,,N1,bee,Bombus,vosnesenskii,no yellow underneathe,,1,Horkelia,californica,,,p1,y,,
09Aug2023shtah,,shta,,H,,,,,,N1,bee,Bombus,,,,1,Horkelia,californica,,,,n,missed,
09Aug2023shtah,,shta,,H,,,,,,N1,bee,Bombus,edwardsii,,,1,Horkelia,californica,,,p2,,,
09Aug2023shtah,,shta,,H,,,,,,N2,bee,Bombus,,,,1,Horkelia,californica,,,,n,missed,
09Aug2023shtac,,shta,,C,,,,,,snapshot,,,,,,0,,,,,,,,
09Aug2023shtac,,shta,,C,,,,,,N1,,,,,,0,,,,,,,,
09Aug2023shtac,,shta,,C,,,,,,N2,,,,,,0,,,,,,,,
09Aug2023shtanh,,shta,,NH,,,,,,snapshot,bee,Bombus,,,,1,Eriogonum,latifolium,,,,,,
09Aug2023shtanh,,shta,,NH,,,,,,snapshot,bee,Apis,mellifera,,,1,Eriogonum,latifolium,,,,,,
09Aug2023shtanh,,shta,,NH,,,,,,snapshot,bee,Apis,mellifera,,,1,Achillea,millefolium,,,,,,
09Aug2023shtanh,,shta,,NH,,,,,,N1,bee,Apis,mellifera,,,1,Grevillea,lanigera,,,,n,missed,
09Aug2023shtanh,,shta,,NH,,,,,,N2,,,,,,0,,,,,,,,
14Aug2023wywec,,wywe,,C,,,,,,snapshot,,,,,,0,,,,,,,,
14Aug2023wywec,,wywe,,C,,,,,,N1,,,,,,0,,,,,,,,
14Aug2023wywec,,wywe,,C,,,,,,N2,wasp,Vespula,,,,1,ground,,,,,n,missed,
14Aug2023wyweh,,wywe,,H,,,,,,snapshot,hoverfly,,,,,1,Hebe,speciosa,,,,,,
14Aug2023wyweh,,wywe,,H,,,,,,N1,fly,,,,,1,Hebe,speciosa,,,p1,y,,
14Aug2023wyweh,,wywe,,H,,,,,,N2,,,,,,0,,,,,,,,
16Aug2023stavc,,stav,,C,,,,,,snapshot,bee,Bombus,vos/calig,,,1,Fuschia,thymifolia,,,,,,
16Aug2023stavc,,stav,,C,,,,,,N1,hoverfly,,,,,1,Fuschia,thymifolia,,,p1,y,,
16Aug2023stavc,,stav,,C,,,,,,N1,hoverfly,,,,,1,Hydrangea ,quercifolia,,,,n,got away before could photograph,
16Aug2023stavc,,stav,,C,,,,,,N2,,,,,,0,,,,,,,,
16Aug2023wewah,,wewa,,H,,,,,,snapshot,bee,,,,,1,Grindelia ,hirsitula,,pollen,,,Agapostemon texanus?,
16Aug2023wewah,,wewa,,H,,,,,,snapshot,bee,Bombus,,,,1,Calandrinia,grandiflora,,,,,,
16Aug2023wewah,,wewa,,H,,,,,,N1,hoverfly,,,,,1,Calandrinia,grandiflora,,,p1,y,,
16Aug2023wewah,,wewa,,H,,,,,,N2,,,,,,0,,,,,,,,
16Aug2023wewac,,wewa,,C,,,,,,snapshot,,,,,,0,,,,,,,,
16Aug2023wewac,,wewa,,C,,,,,,N1,,,,,,0,,,,,,,,
16Aug2023wewac,,wewa,,C,,,,,,N2,wasp,Vespula,,,,1,ground,,,,p1,y,cruising along ground,
16Aug2023wewanh,,wewa,,NH,,,,,,snapshot,hoverfly,,,,,1,ground,,,,,,,
16Aug2023wewanh,,wewa,,NH,,,,,,N1,,,,,,0,,,,,,,,
16Aug2023wewanh,,wewa,,NH,,,,,,N2,,,,,,0,,,,,,,,
16Aug2023foscc,,fosc,,C,,,,,,snapshot,,,,,,0,,,,,,,,
16Aug2023foscc,,fosc,,C,,,,,,N1,,,,,,0,,,,,,,,
16Aug2023foscc,,fosc,,C,,,,,,N2,,,,,,0,,,,,,,,
16Aug2023foscnh,,fosc,,NH,,,,,,snapshot,,,,,,0,,,,,,,,
16Aug2023foscnh,,fosc,,NH,,,,,,N1,bee,,,,,1,Aloe,,,,s1,y,,
16Aug2023foscnh,,fosc,,NH,,,,,,N2,,,,,,0,,,,,,,,
16Aug2023fosch,,fosc,,H,,,,,,snapshot,,,,,,0,,,,,,,,
16Aug2023fosch,,fosc,,H,,,,,,N1,bee,Bombus,vosnesenskii,no yellow underneathe,,1,Horkelia,californica,,,p1,y,forgot to photo dateblktrt,
16Aug2023fosch,,fosc,,H,,,,,,N2,bee,"small,dark bee",,,,1,Symphyotrichum,chilense,,,,n,missed,
14Aug2023fscgc,,fscg,,C,,,,,,snapshot,,,,,,0,,,,,,,,
14Aug2023fscgc,,fscg,,C,,,,,,N1,wasp,,,,,1,ground,,,,p1,y,,
14Aug2023fscgc,,fscg,,C,,,,,,N2,wasp,Vespula,,,,1,Salvia,rosmarinus,,,,n,missed,
14Aug2023fscgc,,fscg,,C,,,,,,N2,wasp,Vespula,,,,1,Salvia,rosmarinus,,,,n,missed,
14Aug2023fscgc,,fscg,,C,,,,,,N2,wasp,Vespula,,,,1,ground,,,,p2,y,,
14Aug2023fscgh,,fscg,,H,,,,,,snapshot,hoverfly,,,,,1,Nepeta,cataria,,,,,,
14Aug2023fscgh,,fscg,,H,,,,,,snapshot,hoverfly,,,,,1,Symphyotrichum,chilense,,,,,no flowers,
14Aug2023fscgh,,fscg,,H,,,,,,N1,,,,,,0,,,,,,,,
14Aug2023fscgh,,fscg,,H,,,,,,N2,hoverfly,,,,,1,Symphyotrichum,chilense,,,p1,,"near Sym chi, and Gri stricta lvs. No flowers",
14Aug2023fscgnh,,fscg,,NH,,,,,,snapshot,bee,"small,dark bee",,,,1,Daucus,carota,,,,,,
14Aug2023fscgnh,,fscg,,NH,,,,,,N1,bee,"small,dark bee",,,,1,Daucus,carota,,,s1,y,,
14Aug2023fscgnh,,fscg,,NH,,,,,,N1,bee,"small,dark bee",,,,1,Digitalis,white,,,s2,y,,
14Aug2023fscgnh,,fscg,,NH,,,,,,N2,wasp,,,,,1,Digitalis,white,,,p1,y,,
14Aug2023fscgnh,,fscg,,NH,,,,,,N2,hoverfly,,,,,1,Daucus,carota,,,,n,missed,
14Aug2023wywenh,,wywe,,NH,,,,,,snapshot,,,,,,0,,,,,,,,
14Aug2023wywenh,,wywe,,NH,,,,,,N1,,,,,,0,,,,,,,,
14Aug2023wywenh,,wywe,,NH,,,,,,N2,,,,,,0,,,,,,,,
21Aug2023shtah,,shta,,H,,,,,,snapshot,bee,"small,dark bee",,,,1,Phormium,yellow-wave,,,,,,
21Aug2023shtah,,shta,,H,,,,,,N1,bee,Apis,mellifera,,,1,Grevillea,lanigera,,,p1,y,,
21Aug2023shtah,,shta,,H,,,,,,N1,bee,Apis,mellifera,,,1,Grevillea,lanigera,,,p2,y,,
21Aug2023shtah,,shta,,H,,,,,,N1,bee,Apis,mellifera,,,1,Grevillea,lanigera,,,p3,y,,
21Aug2023shtah,,shta,,H,,,,,,N1,bee,Bombus,,,,1,ground,,,,p4,y,crawling in woodchips,
21Aug2023shtah,,shta,,H,,,,,,N1,bee,Apis,mellifera,,,1,Grevillea,lanigera,,pollen,p5,y,red pollen ball on legs,
21Aug2023shtah,,shta,,H,,,,,,N1,bee,"small,dark bee",,,,1,Phacelia ,californica,,,,n,missed,
21Aug2023shtah,,shta,,H,,,,,,N2,hoverfly,,,,,1,Grevillea,lanigera,,,p6,,,
21Aug2023shtah,,shta,,H,,,,,,N2,bee,"small,dark bee",,,,1,Grindelia ,hirsitula,,pollen,s1,y,yellow pollen on legs,
21Aug2023ymcac,,ymca,,C,,,,,,snapshot,hoverfly,,,,,1,Grevillea,lanigera,,,,,,
21Aug2023ymcac,,ymca,,C,,,,,,N1,,,,,,0,,,,,,,,
21Aug2023ymcac,,ymca,,C,,,,,,N2,hoverfly,,,,,1,Grevillea,,,,p1,y,,
21Aug2023ymcanh,,ymca,,NH,,,,,,snapshot,,,,,,0,,,,,,,,
21Aug2023ymcanh,,ymca,,NH,,,,,,N1,,,,,,0,,,,,,,,
21Aug2023ymcanh,,ymca,,NH,,,,,,N2,,,,,,0,,,,,,,,
21Aug2023ymcah,,ymca,,H,,,,,,snapshot,,,,,,0,,,,,,,,
21Aug2023ymcah,,ymca,,H,,,,,,N1,hoverfly,,,,,1,ground,,,,p1,y,hover near Grevillea,
21Aug2023ymcah,,ymca,,H,,,,,,N2,unidentified,,,,,1,Symphyotrichum,chilense,,,p2,y,"super-thin, long antennae, orange legs",
21Aug2023shtanh,,shta,,NH,,,,,,snapshot,wasp,Vespula,,,,1,,,,,,,fly-by,
21Aug2023shtanh,,shta,,NH,,,,,,N1,wasp,Vespula,,,,1,Eriogonum,latifolium,,,p1,y,napping,
21Aug2023shtanh,,shta,,NH,,,,,,N1,bee,Apis,mellifera,,,1,Grevillea,lanigera,,nectar,p2,y,,
21Aug2023shtanh,,shta,,NH,,,,,,N2,bee,Apis,mellifera,,,1,Grevillea,lanigera,,nectar,p3,y,,
21Aug2023shtanh,,shta,,NH,,,,,,N2,wasp,Vespula,,,,1,Eriogonum,latifolium,,nectar,p4,y,,
21Aug2023shtanh,,shta,,NH,,,,,,N2,hoverfly,,,,,1,Calandrinia,grandiflora,,,p5,y,resting,
21Aug2023shtac,,shta,,C,,,,,,snapshot,bee,Apis,mellifera,,,1,Grevillea,lanigera,,,,,,
21Aug2023shtac,,shta,,C,,,,,,N1,,,,,,0,,,,,,,,
21Aug2023shtac,,shta,,C,,,,,,N2,,,,,,0,,,,,,,,
21Aug2023mpsunh,,mpsu,,NH,,,,,,snapshot,,,,,,0,,,,,,,,
21Aug2023mpsunh,,mpsu,,NH,,,,,,N1,hoverfly,,,,,1,,,,,p1,y,"near ""Aloe"" which is really…",
21Aug2023mpsunh,,mpsu,,NH,,,,,,N1,bee,Agapostemon,texanus,,,1,Eriogonum,latifolium,,,p2,y,female; confirmed!,
21Aug2023mpsunh,,mpsu,,NH,,,,,,N1,hoverfly,,,,,1,Monardella,villosa,,,p3,y,,
21Aug2023mpsunh,,mpsu,,NH,,,,,,N2,,,,,,0,,,,,,,,
21Aug2023mpsuc,,mpsu,,C,,,,,,snapshot,,,,,,0,,,,,,,,
21Aug2023mpsuc,,mpsu,,C,,,,,,N1,,,,,,0,,,,,,,,
21Aug2023mpsuc,,mpsu,,C,,,,,,N2,,,,,,0,,,,,,,,
21Aug2023mpsuh,,mpsu,,H,,,,,,snapshot,,,,,,0,,,,,,,,
21Aug2023mpsuh,,mpsu,,H,,,,,,N1,hoverfly,,,,,1,Perideridia,kellogii,,,p1,y,,
21Aug2023mpsuh,,mpsu,,H,,,,,,N2,,,,,,0,,,,,,,,
16Aug2023stavh,,stav,,H,,,,,,snapshot,wasp,Vespula,,,,1,Grindelia ,hirsitula,,,,,,
16Aug2023stavh,,stav,,H,,,,,,snapshot,bee,Bombus,,,,1,Symphyotrichum,chilense,,,,,,
16Aug2023stavh,,stav,,H,,,,,,snapshot,wasp,Vespula,,,,1,Loropetalum,chinense,,,,,buzz aound leaves,
16Aug2023stavh,,stav,,H,,,,,,N1,bee,Bombus,caliginosus,,,1,Phacelia ,californica,,,p1,y,"yellow is rusty, yellow hairs under",
16Aug2023stavh,,stav,,H,,,,,,N1,bee,Bombus,vosnesenskii,,,1,Horkelia,californica,,,p2,y,,
16Aug2023stavh,,stav,,H,,,,,,N1,bee,Bombus,vosnesenskii,,,1,Phacelia ,californica,,pollen,p3,y,orange pollen balls,
16Aug2023stavh,,stav,,H,,,,,,N1,bee,Bombus,vosnesenskii,,,1,Phacelia ,californica,,pollen,p4,y,,
16Aug2023stavh,,stav,,H,,,,,,N1,bee,Bombus,caliginosus,,,1,Horkelia,californica,,,p5,y,,
16Aug2023stavh,,stav,,H,,,,,,N1,bee,"small,dark bee",,,,1,Horkelia,californica,,,,n,missed,
16Aug2023stavh,,stav,,H,,,,,,N1,bee,Bombus,vosnesenskii,,,1,Horkelia,californica,,pollen,p6,y,yellow pollen on legs,
16Aug2023stavh,,stav,,H,,,,,,N1,bee,Bombus,vosnesenskii,,,1,Horkelia,californica,,,p7,y,orange pollen on leg,
16Aug2023stavh,,stav,,H,,,,,,N2,unidentified,,,,,1,Symphyotrichum,chilense,,,p8,y,,
16Aug2023stavh,,stav,,H,,,,,,N2,bee,Bombus,vos/calig,,,1,Symphyotrichum,chilense,,,p9,y,,
16Aug2023stavh,,stav,,H,,,,,,N2,hoverfly,,,,,1,Symphyotrichum,chilense,,,p10,y,,
16Aug2023stavnh,,stav,,NH,,,,,,snapshot,bee,Bombus,vos/calig,,,1,Agapanthus,,,,,,,
16Aug2023stavnh,,stav,,NH,,,,,,snapshot,bee,Bombus,,,,1,,,,,,,fly by,
16Aug2023stavnh,,stav,,NH,,,,,,N1,,,,,,0,,,,,,,,
16Aug2023stavnh,,stav,,NH,,,,,,N2,bee,Bombus,vosnesenskii,,,1,Agapanthus,,,,p1,y,,
30Aug2023wewac,,wewa,,C,,,,,,snapshot,,,,,,0,,,,,,,,
30Aug2023wewac,,wewa,,C,,,,,,N1,butterfly,Vanessa,virginiensis,,,1,Dichondra,,,,,,on leaf,
30Aug2023wewac,,wewa,,C,,,,,,N2,,,,,,0,,,,,,,,
30Aug2023fscgc,,fscg,,C,,,,,,snapshot,,,,,,0,,,,,,,,
30Aug2023fscgc,,fscg,,C,,,,,,N1,bee,Sphecodes,,,,1,ground,,,,s1,y,,
30Aug2023fscgc,,fscg,,C,,,,,,N1,wasp,Chrysididae,,,,1,ground,,,,p1,y,,
30Aug2023fscgc,,fscg,,C,,,,,,N2,bee,,,,,1,ground,,,,s2,y,,
30Aug2023fscgc,,fscg,,C,,,,,,N2,bee,Apis,mellifera,,,1,Mentha,,,,p2,y,,
30Aug2023fscgc,,fscg,,C,,,,,,N2,bee,,,,,1,ground,,,,s3,y,,
30Aug2023fscgc,,fscg,,C,,,,,,N2,bee,Apis,mellifera,,,1,ground,,,,p3,y,,
30Aug2023fscgnh,,fscg,,NH,,,,,,snapshot,hoverfly,,,,,1,Daucus,carota,,,,,hover directly above,
30Aug2023fscgnh,,fscg,,NH,,,,,,N1,bee,Apis,mellifera,,,1,vegetation,,,,p1,y,on lvs of dahlia,
30Aug2023fscgnh,,fscg,,NH,,,,,,N1,wasp,Vespula,,,,1,Daucus,carota,,,,n,escaped net,
 ,,,,,,,,,,N1,wasp,Vespula,,,,1,Daucus,carota,,,p2,,,
30Aug2023fscgnh,,fscg,,NH,,,,,,N2,wasp,,,,,1,Daucus,carota,,,,n,"missed; big, black, long legs",
18Sep2023lileh,,lile,,H,,,,,,snapshot,bee,"small,dark bee",,,,4,Symphyotrichum,chilense,,,,,,
18Sep2023lileh,,lile,,H,,,,,,snapshot,bee,"small,dark bee",,,,1,Calandrinia,grandiflora,,,,,,
18Sep2023lileh,,lile,,H,,,,,,snapshot,bee,Agapostemon,texanus,,,2,Calandrinia,grandiflora,,,,,males,
18Sep2023lileh,,lile,,H,,,,,,N1,bee,"small,dark bee",,,,1,Calandrinia,grandiflora,,,,n,missed,
18Sep2023lileh,,lile,,H,,,,,,N1,bee,,,,,1,Calandrinia,grandiflora,,,s1,,,
18Sep2023lileh,,lile,,H,,,,,,N1,wasp,Vespula,,,,1,Calandrinia,grandiflora,,,,n,missed,
18Sep2023lileh,,lile,,H,,,,,,N1,wasp,Vespula,,,,1,Calandrinia,grandiflora,,,p1,y,not on a flower,
18Sep2023lileh,,lile,,H,,,,,,N1,wasp,Vespula,,,,1,Calandrinia,grandiflora,,,,n,missed,
18Sep2023lileh,,lile,,H,,,,,,N1,bee,Agapostemon,texanus,,,1,Symphyotrichum,chilense,,,,n,missed,
18Sep2023lileh,,lile,,H,,,,,,N1,bee,"small,dark bee",,,,1,Symphyotrichum,chilense,,,,n,missed,
18Sep2023lileh,,lile,,H,,,,,,N1,bee,"small,dark bee",,,,1,Symphyotrichum,chilense,,,,n,missed,
18Sep2023lileh,,lile,,H,,,,,,N1,hoverfly,,,,,1,Calandrinia,grandiflora,,,p2,y,,
18Sep2023lileh,,lile,,H,,,,,,N1,bee,,,,,1,Calandrinia,grandiflora,,,s2,y,,
18Sep2023lileh,,lile,,H,,,,,,N1,bee,,,,,1,Symphyotrichum,chilense,,,s3,,,
18Sep2023lileh,,lile,,H,,,,,,N2,,,,,,0,,,,,,,,
05Sept2023foscc,,fosc,,C,,,,,,snapshot,,,,,,0,,,,,,,,
05Sept2023foscc,,fosc,,C,,,,,,N1,,,,,,0,,,,,,,,
05Sept2023foscc,,fosc,,C,,,,,,N2,,,,,,0,,,,,,,,
05Sept2023foscnh,,fosc,,NH,,,,,,snapshot,,,,,,0,,,,,,,,
05Sept2023foscnh,,fosc,,NH,,,,,,N1,,,,,,0,,,,,,,,
05Sept2023foscnh,,fosc,,NH,,,,,,N2,,,,,,0,,,,,,,,
03Sept2023lilenh,,lile,,NH,,,,,,snapshot,,,,,,0,,,,,,,,
03Sept2023lilenh,,lile,,NH,,,,,,N1,hoverfly,,,,,1,ground,,,,p1,y,,
03Sept2023lilenh,,lile,,NH,,,,,,N2,,,,,,0,,,,,,,,
03Sept2023eawac,,eawa,,C,,,,,,snapshot,,,,,,0,,,,,,,,
03Sept2023eawac,,eawa,,C,,,,,,N1,,,,,,0,,,,,,,,
03Sept2023eawac,,eawa,,C,,,,,,N2,,,,,,0,,,,,,,,
03Sept2023eawah,,eawa,,H,,,,,,snapshot,,,,,,0,,,,,,,,
03Sept2023eawah,,eawa,,H,,,,,,N1,,,,,,0,,,,,,,,
03Sept2023eawah,,eawa,,H,,,,,,N2,wasp,Vespula,,,,1,ground,,,,p1,y,,
03Sept2023eawah,,eawa,,H,,,,,,N2,butterfly,skipper,,,,1,Lantana,,,,,,,
30Aug2023wewanh,,wewa,,NH,,,,,,snapshot,,,,,,0,,,,,,,,
30Aug2023wewanh,,wewa,,NH,,,,,,N1,,,,,,0,,,,,,,,
30Aug2023wewanh,,wewa,,NH,,,,,,N2,,,,,,0,,,,,,,,
30Aug2023fscgh,,fscg,,H,,,,,,snapshot,wasp,Pompilidae,,,,1,ground,,,,,,,
30Aug2023fscgh,,fscg,,H,,,,,,snapshot,bee,"small,dark bee",,,,2,Symphyotrichum,chilense,,,,,,
30Aug2023fscgh,,fscg,,H,,,,,,snapshot,bee,Megachilidae,,,,1,Nepeta,cataria,,,,,yellow pollen on belly,
30Aug2023fscgh,,fscg,,H,,,,,,N1,bee,Agapostemon,texanus,,,1,Nepeta,cataria,,,p1,y,male,
30Aug2023fscgh,,fscg,,H,,,,,,N1,bee,Agapostemon,texanus,,,1,Symphyotrichum,chilense,,,p2,y,male,
30Aug2023fscgh,,fscg,,H,,,,,,N1,hoverfly,,,,,1,Nepeta,cataria,,,p3,y,,
30Aug2023fscgh,,fscg,,H,,,,,,N2,bee,,,,,1,Nepeta,cataria,,,s1,y,,
30Aug2023fscgh,,fscg,,H,,,,,,N2,hoverfly,,,,,1,Symphyotrichum,chilense,,,p4,y,,
18Sep2023wyweh,,wywe,,H,,,,,,snapshot,,,,,,0,,,,,,,,
18Sep2023wyweh,,wywe,,H,,,,,,N1,,,,,,0,,,,,,,,
18Sep2023wyweh,,wywe,,H,,,,,,N2,,,,,,0,,,,,,,,
18Sep2023wywec,,wywe,,C,,,,,,snapshot,,,,,,0,,,,,,,,
18Sep2023wywec,,wywe,,C,,,,,,N1,bee,,,,,1,Knophofia,,,,s1,y,no flowers,
18Sep2023wywec,,wywe,,C,,,,,,N1,bee,,,,,1,Salvia,rosmarinus,,,s2,y,,
18Sep2023wywec,,wywe,,C,,,,,,N2,bee,,,,,1,Salvia,rosmarinus,,,s3,y,,
18Sep2023wewanh,,wewa,,NH,,,,,,snapshot,,,,,,0,,,,,,,,
18Sep2023wewanh,,wewa,,NH,,,,,,N1,,,,,,0,,,,,,,,
18Sep2023wewanh,,wewa,,NH,,,,,,N2,,,,,,0,,,,,,,,
18Sep2023wewah,,wewa,,H,,,,,,snapshot,,,,,,0,,,,,,,,
18Sep2023wewah,,wewa,,H,,,,,,N1,,,,,,0,,,,,,,,
18Sep2023wewah,,wewa,,H,,,,,,N2,,,,,,0,,,,,,,,
18Sep2023wewac,,wewa,,C,,,,,,snapshot,,,,,,0,,,,,,,,
18Sep2023wewac,,wewa,,C,,,,,,N1,,,,,,0,,,,,,,,
18Sep2023wewac,,wewa,,C,,,,,,N2,,,,,,0,,,,,,,,
18Sep2023lilec,,lile,,C,,,,,,snapshot,,,,,,0,,,,,,,,
18Sep2023lilec,,lile,,C,,,,,,N1,,,,,,0,,,,,,,,
18Sep2023lilec,,lile,,C,,,,,,N2,,,,,,0,,,,,,,,
25Sep2023eawanh,,eawa,,NH,,,,,,snapshot,hoverfly,,,,,1,Erigeron,canadensis,,,,,,
25Sep2023eawanh,,eawa,,NH,,,,,,N1,,,,,,0,,,,,,,,
25Sep2023eawanh,,eawa,,NH,,,,,,N2,hoverfly,,,,,1,Erigeron,canadensis,,,p1,y,,
25Sep2023eawanh,,eawa,,NH,,,,,,N2,bee,,,,,1,Hydrangea ,,,,s1,,,
25Sep2023eawanh,,eawa,,NH,,,,,,N2,bee,,,,,1,Hydrangea ,,,,s2,,,
25Sep2023eawanh,,eawa,,NH,,,,,,N2,bee,,,,,1,Hydrangea ,,,,s3,,,
25Sep2023eawanh,,eawa,,NH,,,,,,N2,bee,,,,,1,Hydrangea ,,,,s4,,,
25Sep2023stavnh,,stav,,NH,,,,,,snapshot,hoverfly,,,,,1,Achillea,millefolium,,,,,,
25Sep2023stavnh,,stav,,NH,,,,,,N1,hoverfly,,,,,1,Achillea,millefolium,,,,n,missed,
25Sep2023stavnh,,stav,,NH,,,,,,N2,,,,,,0,,,,,,,,
25Sep2023eawac,,eawa,,C,,,,,,snapshot,,,,,,0,,,,,,,,
25Sep2023eawac,,eawa,,C,,,,,,N1,bee,,,,,1,Pittosporum,tobira,,,p1,y,,
25Sep2023eawac,,eawa,,C,,,,,,N2,bee,,,,,1,Pittosporum,tobira,,,p2,y,,
25Sep2023eawac,,eawa,,C,,,,,,N2,butterfly,,,,,1,,,,,,n,fly-by,
25Sep2023eawah,,eawa,,H,,,,,,snapshot,wasp,,,,,1,,,,,,,fly-by,
25Sep2023eawah,,eawa,,H,,,,,,N1,,,,,,0,,,,,,,,
25Sep2023eawah,,eawa,,H,,,,,,N2,,,,,,0,,,,,,,,
18Sep2023wywenh,,wywe,,NH,,,,,,snapshot,,,,,,0,,,,,,,,
18Sep2023wywenh,,wywe,,NH,,,,,,N1,bee,,,,,1,Monardella,villosa,,,s1,y,,
18Sep2023wywenh,,wywe,,NH,,,,,,N2,bee,,,,,1,Monardella,villosa,,,s2,y,,
18Sep2023wywenh,,wywe,,NH,,,,,,N2,bee,"small,dark bee",,,,1,Monardella,villosa,,,,n,missed,
25Sep2023stavc,,stav,,C,,,,,,snapshot,,,,,,0,,,,,,,,
25Sep2023stavc,,stav,,C,,,,,,N1,,,,,,0,,,,,,,,
25Sep2023stavc,,stav,,C,,,,,,N2,,,,,,0,,,,,,,,
25Sep2023stavh,,stav,,H,,,,,,snapshot,,,,,,0,,,,,,,,
25Sep2023stavh,,stav,,H,,,,,,N1,wasp,,,,,1,Grindelia ,stricta,,,p1,y,,
25Sep2023stavh,,stav,,H,,,,,,N1,butterfly,,,,,1,,,,,,n,fly-by,
25Sep2023stavh,,stav,,H,,,,,,N1,butterfly,,,,,1,,,,,,n,fly-by,
25Sep2023stavh,,stav,,H,,,,,,N2,wasp,,,,,1,Grindelia ,stricta,,,p2,y,,
25Sep2023stavh,,stav,,H,,,,,,N2,wasp,,,,,1,Grindelia ,stricta,,,,n,missed?,
25Sep2023stavh,,stav,,H,,,,,,N2,bee,,,,,1,Horkelia,californica,,,p3,y,specimen? Or photo?,
25Sep2023stavh,,stav,,H,,,,,,N2,unidentified,,,,,1,Phacelia ,californica,,,p4,y,,
25Sep2023stavh,,stav,,H,,,,,,N2,bee,,,,,1,Phacelia ,californica,,,p5,y,specimen? Or photo?,
14Jul2023fscgh,,fscg,,H,,,,,,snapshot,hoverfly,,,,,1,,,,,,,forgot plant it visited!,
14Jul2023fscgh,,fscg,,H,,,,,,N1,,,,,,0,,,,,,,,
14Jul2023fscgh,,fscg,,H,,,,,,N2,,,,,,0,,,,,,,,
14Jul2023fscgnh,,fscg,,NH,,,,,,snapshot,hoverfly,,,,,1,Achillea,millefolium,,,,,,
14Jul2023fscgnh,,fscg,,NH,,,,,,N1,hoverfly,,,,,1,Achillea,millefolium,,,,n,missed,
14Jul2023fscgnh,,fscg,,NH,,,,,,N2,hoverfly,,,,,1,Tropaelum,majus,,,,n,missed,
14Jul2023fscgnh,,fscg,,NH,,,,,,N2,bee,Bombus,caliginosus,yellow underneathe abdomen and thorax,,1,Digitalis,purple,,,,p1,yellow hairs under abdomen,
14Jul2023fscgc,,fscg,,C,,,,,,snapshot,bee,Bombus,,,,1,,,,,,,fly by,
14Jul2023fscgc,,fscg,,C,,,,,,N1,,,,,,0,,,,,,,,
14Jul2023fscgc,,fscg,,C,,,,,,N2,hoverfly,,,,,1,Salvia,rosmarinus,,,,n,"on leaf, missed",
14Jul2023ymcac,,ymca,,C,,,,,,snapshot,,,,,,0,,,,,,,,
14Jul2023ymcac,,ymca,,C,,,,,,N1,hoverfly,,,,,1,Grevillea,lanigera,,,,n,missed,
14Jul2023ymcac,,ymca,,C,,,,,,N2,,,,,,0,,,,,,,,
24May2023fscgh,,fscg,,H,,,,,,snapshot,,,,,,0,,,,,,,,
24May2023fscgh,,fscg,,H,,,,,,N1,hoverfly,Tachanidae,,,,1,Ranunculus,californicus,,,p1,,,
24May2023fscgh,,fscg,,H,,,,,,N1,bee,Bombus,caliginosus,yellow underneathe abdomen and thorax,,1,Phacelia ,californica,,,p2,,,
24May2023fscgh,,fscg,,H,,,,,,N2,,,,,,0,,,,,,,,
24May2023fscgc,,fscg,,C,,,,,,snapshot,,,,,,0,,,,,,,,
24May2023fscgc,,fscg,,C,,,,,,N1,,,,,,0,,,,,,,,
24May2023fscgc,,fscg,,C,,,,,,N2,unidentified,Tachanidae,,,,1,Salvia,rosmarinus,,,p1,y,,
24May2023fscgnh,,fscg,,NH,,,,,,snapshot,,,,,,0,,,,,,,,
24May2023fscgnh,,fscg,,NH,,,,,,N1,hoverfly,,,,,1,Sidalcea ,malviflora,,,p1,y,,
24May2023fscgnh,,fscg,,NH,,,,,,N2,,,,,,0,,,,,,,,
30May2023ymcac,,ymca,,C,,,,,,snapshot,,,,,,0,,,,,,,,
30May2023ymcac,,ymca,,C,,,,,,N1,,,,,,0,,,,,,,,
30May2023ymcac,,ymca,,C,,,,,,N2,,,,,,0,,,,,,,,
30May2023ymcah,,ymca,,H,,,,,,snapshot,bee,Bombus,,,,1,Grevillea,lanigera,,,,,melanopygus?,
30May2023ymcah,,ymca,,H,,,,,,N1,bee,Apis,mellifera,,,1,Ranunculus,californicus,,,p1,y,,
30May2023ymcah,,ymca,,H,,,,,,N1,unidentified,,,,,1,,,,,,n,missed,
30May2023ymcah,,ymca,,H,,,,,,N2,bee,,,,,1,Correa ,pulchella,,,s1,y,"30May2023YMCAH,S#1 Correa",
30May2023ymcanh,,ymca,,NH,,,,,,snapshot,,,,,,0,,,,,,,,
30May2023ymcanh,,ymca,,NH,,,,,,N1,,,,,,0,,,,,,,,
30May2023ymcanh,,ymca,,NH,,,,,,N2,,,,,,0,,,,,,,,
29Sep2023ymcah,,ymca,,H,,,,,,snapshot,wasp,Vespula,,,,1,Grevillea,lanigera,,,,,,
29Sep2023ymcah,,ymca,,H,,,,,,N1,unidentified,,,,,1,Grevillea,lanigera,,,p1,y,,
29Sep2023ymcah,,ymca,,H,,,,,,N1,wasp,Vespula,,,,1,Grevillea,lanigera,,,p2,y,,
29Sep2023ymcah,,ymca,,H,,,,,,N1,wasp,Vespula,,,,1,Grevillea,lanigera,,,,n,missed,
29Sep2023ymcah,,ymca,,H,,,,,,N1,wasp,Vespula,,,,1,Grevillea,lanigera,,,p3,,,
29Sep2023ymcah,,ymca,,H,,,,,,N1,wasp,Vespula,,,,1,Grevillea,lanigera,,,p4,y,,
29Sep2023ymcah,,ymca,,H,,,,,,N2,wasp,Vespula,,,,1,Grevillea,lanigera,,,,n,missed,
29Sep2023ymcah,,ymca,,H,,,,,,N2,bee,Apis,mellifera,,,1,Grevillea,lanigera,,,p5,y,,
02Oct2023ymcanh,,ymca,,NH,,,,,,snapshot,bee,Apis,mellifera,,,2,Grevillea,lanigera,,,,,,
02Oct2023ymcanh,,ymca,,NH,,,,,,snapshot,hoverfly,,,,,2,Grevillea,lanigera,,,,,,
02Oct2023ymcanh,,ymca,,NH,,,,,,snapshot,wasp,Vespula,,,,2,Grevillea,lanigera,,,,,,
02Oct2023ymcanh,,ymca,,NH,,,,,,N1,bee,Apis,mellifera,,,1,Grevillea,lanigera,,,,y,did not photo,
02Oct2023ymcanh,,ymca,,NH,,,,,,N1,bee,Apis,mellifera,,,1,Grevillea,lanigera,,,,y,did not photo,
02Oct2023ymcanh,,ymca,,NH,,,,,,N1,bee,Apis,mellifera,,,1,Grevillea,lanigera,,,,y,did not photo,
02Oct2023ymcanh,,ymca,,NH,,,,,,N1,bee,Apis,mellifera,,,1,Grevillea,lanigera,,,,y,did not photo,
02Oct2023ymcanh,,ymca,,NH,,,,,,N1,bee,Apis,mellifera,,,1,Grevillea,lanigera,,,,y,did not photo,
02Oct2023ymcanh,,ymca,,NH,,,,,,N1,bee,Apis,mellifera,,,1,Grevillea,lanigera,,,,y,did not photo,
02Oct2023ymcanh,,ymca,,NH,,,,,,N1,wasp,Vespula,,,,1,Grevillea,lanigera,,,p1,y,,
02Oct2023ymcanh,,ymca,,NH,,,,,,N1,moth,,,,,1,Grevillea,lanigera,,,,n,6 photos taken without capturing,
02Oct2023ymcanh,,ymca,,NH,,,,,,N1,bee,Apis,mellifera,,,1,Grevillea,lanigera,,,,y,did not photo,
02Oct2023ymcanh,,ymca,,NH,,,,,,N1,bee,Apis,mellifera,,,1,Grevillea,lanigera,,,,y,did not photo,
02Oct2023ymcanh,,ymca,,NH,,,,,,N2,bee,Apis,mellifera,,,1,Grevillea,lanigera,,,,y,did not photo,
02Oct2023ymcanh,,ymca,,NH,,,,,,N2,hoverfly,,,,,1,Grevillea,lanigera,,,p2,y,,
02Oct2023ymcanh,,ymca,,NH,,,,,,N2,unidentified,,,,,1,Eriogonum,latifolium,,,p3,y,thin-waisted wasp?,
02Oct2023ymcanh,,ymca,,NH,,,,,,N2,wasp,Vespula,,,,1,Grevillea,lanigera,,,p4,y,,
02Oct2023ymcac,,ymca,,C,,,,,,snapshot,,,,,,0,,,,,,,,
02Oct2023ymcac,,ymca,,C,,,,,,N1,,,,,,0,,,,,,,,
02Oct2023ymcac,,ymca,,C,,,,,,N2,,,,,,0,,,,,,,,
02Oct2023ymcah,,ymca,,H,,,,,,snapshot,,,,,,0,,,,,,,,
02Oct2023ymcah,,ymca,,H,,,,,,N1,unidentified,,,,,1,Symphyotrichum,chilense,,,p1,y,,
02Oct2023ymcah,,ymca,,H,,,,,,N1,hoverfly,,,,,1,Grevillea,lanigera,,,p2,y,,
02Oct2023ymcah,,ymca,,H,,,,,,N1,butterfly,skipper,,,,1,Grevillea,lanigera,,,,,,
02Oct2023ymcah,,ymca,,H,,,,,,N1,bee,"small,dark bee",,,,1,Symphyotrichum,chilense,,,,n,missed,
02Oct2023ymcah,,ymca,,H,,,,,,N2,,,,,,0,,,,,,,,
02Oct2023mpsunh,,mpsu,,NH,,,,,,snapshot,wasp,Vespula,,,,1,ground,,,,,,,
02Oct2023mpsunh,,mpsu,,NH,,,,,,N1,,,,,,0,,,,,,,,
02Oct2023mpsunh,,mpsu,,NH,,,,,,N2,wasp,Vespula,,,,1,Agave,,,,p1,y,on Agave leaf,
02Oct2023shtac,,shta,,C,,,,,,snapshot,bee,Apis,mellifera,,,1,Grevillea,lanigera,,,,,,
02Oct2023shtac,,shta,,C,,,,,,N1,,,,,,0,,,,,,,,
02Oct2023shtac,,shta,,C,,,,,,N2,,,,,,0,,,,,,,,
02Oct2023shtah,,shta,,H,,,,,,snapshot,bee,Apis,mellifera,,,1,Horkelia,californica,,,,,,
02Oct2023shtah,,shta,,H,,,,,,snapshot,bee,Apis,mellifera,,,1,Grevillea,lanigera,,,,,,
02Oct2023shtah,,shta,,H,,,,,,snapshot,bee,Apis,mellifera,,,1,Symphyotrichum,chilense,,,,,,
02Oct2023shtah,,shta,,H,,,,,,snapshot,hoverfly,,,,,1,Symphyotrichum,chilense,,,,,,
02Oct2023shtah,,shta,,H,,,,,,N1,wasp,Vespula,,,,1,Grevillea,lanigera,,,p1,y,,
02Oct2023shtah,,shta,,H,,,,,,N1,butterfly,skipper,,,,1,Horkelia,californica,,nectar,,n,,
02Oct2023shtah,,shta,,H,,,,,,N1,butterfly,skipper,,,,1,Horkelia,californica,,nectar,,n,,
02Oct2023shtah,,shta,,H,,,,,,N1,butterfly,skipper,,,,1,Grindelia ,stricta,,,,,,
02Oct2023shtah,,shta,,H,,,,,,N1,wasp,Vespula,,,,1,Grevillea,lanigera,,,p2,,,
02Oct2023shtah,,shta,,H,,,,,,N1,bee,Bombus,caliginosus,yellow underneathe abdomen and thorax,,1,Grindelia ,stricta,,,p3,,,
02Oct2023shtah,,shta,,H,,,,,,N1,bee,Apis,mellifera,,,1,Horkelia,californica,,,p4,,,
02Oct2023shtah,,shta,,H,,,,,,N2,hoverfly,,,,,1,Symphyotrichum,chilense,,,,n,missed,
02Oct2023shtah,,shta,,H,,,,,,N2,hoverfly,,,,,1,Horkelia,californica,,,,y,"warmed up before could photo, looked like Syrphidae",
02Oct2023shtah,,shta,,H,,,,,,N2,bee,Apis,mellifera,,,1,Horkelia,californica,,,,n,no photoc just released,
02Oct2023shtanh,,shta,,NH,,,,,,snapshot,butterfly,skipper,,,,1,Calandrinia,grandiflora,,,,,,
02Oct2023shtanh,,shta,,NH,,,,,,snapshot,bee,Apis,mellifera,,,1,Grevillea,lanigera,,,,,,
02Oct2023shtanh,,shta,,NH,,,,,,N1,bee,Apis,mellifera,,,1,Calandrinia,grandiflora,,,p1,y,,
02Oct2023shtanh,,shta,,NH,,,,,,N1,wasp,Vespula,,,,1,Calandrinia,grandiflora,,,,n,missed,
02Oct2023shtanh,,shta,,NH,,,,,,N1,wasp,Vespula,,,,1,Grevillea,lanigera,,,,n,missed,
02Oct2023shtanh,,shta,,NH,,,,,,N1,bee,Apis,mellifera,,,1,Calandrinia,grandiflora,,,p2,y,,
02Oct2023shtanh,,shta,,NH,,,,,,N2,bee,Apis,mellifera,,,1,Grevillea,lanigera,,,p3,y,,
02Oct2023shtanh,,shta,,NH,,,,,,N2,wasp,Vespula,,,,1,Grevillea,lanigera,,,,n,missed,
02Oct2023shtanh,,shta,,NH,,,,,,N2,wasp,Vespula,,,,1,Grevillea,lanigera,,,p4,y,,
02Oct2023shtanh,,shta,,NH,,,,,,N2,bee,Apis,mellifera,,,1,Calandrinia,grandiflora,,,p5,y,,
02Oct2023shtanh,,shta,,NH,,,,,,N2,hoverfly,,,,,1,Calandrinia,grandiflora,,,p6,y,,
02Oct2023shtanh,,shta,,NH,,,,,,N2,bee,Apis,mellifera,,,1,Calandrinia,grandiflora,,,p6,y,,
02Oct2023mpsuh,,mpsu,,H,,,,,,snapshot,,,,,,0,,,,,,,,
02Oct2023mpsuh,,mpsu,,H,,,,,,N1,wasp,Vespula,,,,1,Grindelia ,stricta,,,p1,,,
02Oct2023mpsuh,,mpsu,,H,,,,,,N2,,,,,,0,,,,,,,,
02Oct2023mpsuc,,mpsu,,C,,,,,,snapshot,,,,,,0,,,,,,,,
02Oct2023mpsuc,,mpsu,,C,,,,,,N1,,,,,,0,,,,,,,,
02Oct2023mpsuc,,mpsu,,C,,,,,,N2,,,,,,0,,,,,,,,
11Oct2023fscgc,,fscg,,C,,,,,,snapshot,,,,,,0,,,,,,,,
11Oct2023fscgc,,fscg,,C,,,,,,N1,,,,,,0,,,,,,,,
11Oct2023fscgc,,fscg,,C,,,,,,N2,,,,,,0,,,,,,,,
11Oct2023fscgnh,,fscg,,NH,,,,,,snapshot,hoverfly,,,,,2,Daucus,carota,,,,,,
11Oct2023fscgnh,,fscg,,NH,,,,,,N1,hoverfly,,,,,1,Daucus,carota,,,p1,y,,
11Oct2023fscgnh,,fscg,,NH,,,,,,N1,hoverfly,,,,,1,Daucus,carota,,,p2,y,,
11Oct2023fscgnh,,fscg,,NH,,,,,,N1,unidentified,,,,,1,Daucus,carota,,,p3,y,,
11Oct2023fscgnh,,fscg,,NH,,,,,,N2,hoverfly,,,,,1,Daucus,carota,,,p4,y,,
11Oct2023fscgnh,,fscg,,NH,,,,,,N2,unidentified,,,,,1,Daucus,carota,,,p5,y,,
11Oct2023eawah,,eawa,,H,,,,,,snapshot,butterfly,skipper,,,,1,Lantana,,,,,,,
11Oct2023eawah,,eawa,,H,,,,,,N1,unidentified,,,,,1,Lantana,,,,p1,y,,
11Oct2023eawah,,eawa,,H,,,,,,N1,butterfly,skipper,,,,1,,,,,,,unable to get photo,
11Oct2023eawah,,eawa,,H,,,,,,N2,hoverfly,,,,,1,Lantana,,,,p2,y,,
11Oct2023eawanh,,eawa,,NH,,,,,,snapshot,,,,,,0,,,,,,,,
11Oct2023eawanh,,eawa,,NH,,,,,,N1,butterfly,skipper,,,,1,Pseudognaphalium,luteoalbum,,,,n,lands briefly on stem,
11Oct2023eawanh,,eawa,,NH,,,,,,N2,,,,,,0,,,,,,,,
23Oct2023ymcac,,ymca,,C,,,,,,snapshot,wasp,Vespula,,,,1,Grevillea,lanigera,,,,,,
23Oct2023ymcac,,ymca,,C,,,,,,snapshot,bee,Apis,mellifera,,,1,Grevillea,lanigera,,,,,,
23Oct2023ymcac,,ymca,,C,,,,,,N1,wasp,Vespula,,,,1,Grevillea,lanigera,,,p1,y,,
23Oct2023ymcac,,ymca,,C,,,,,,N1,bee,Apis,mellifera,,,1,flying around plot,,,,,y,no photograph,
23Oct2023ymcac,,ymca,,C,,,,,,N1,bee,Apis,mellifera,,,1,Grevillea,lanigera,,,,y,no photograph,
23Oct2023ymcac,,ymca,,C,,,,,,N2,bee,Apis,mellifera,,,1,Grevillea,lanigera,,,,y,no photograph,
23Oct2023ymcac,,ymca,,C,,,,,,N2,bee,Apis,mellifera,,,1,Grevillea,lanigera,,,,y,no photograph,
23Oct2023ymcac,,ymca,,C,,,,,,N2,bee,Apis,mellifera,,,1,Grevillea,lanigera,,,,y,no photograph,
23Oct2023mpsuh,,mpsu,,H,,,,,,snapshot,hoverfly,,,,,3,Grindelia ,stricta,,,,,,
23Oct2023mpsuh,,mpsu,,H,,,,,,snapshot,bee,Agapostemon,texanus,,,1,Grindelia ,stricta,,,,,,
23Oct2023mpsuh,,mpsu,,H,,,,,,N1,hoverfly,,,,,1,Grindelia ,stricta,,,p1,y,,
23Oct2023mpsuh,,mpsu,,H,,,,,,N1,hoverfly,,,,,1,Grindelia ,stricta,,,,n,missed,
23Oct2023mpsuh,,mpsu,,H,,,,,,N1,butterfly,skipper,,,,1,ground,,,,photograph,n,have several photos of it basking in sun,
23Oct2023mpsuh,,mpsu,,H,,,,,,N1,butterfly,skipper,,,,1,Symphyotrichum,chilense,,,photograph,n,,
23Oct2023mpsuh,,mpsu,,H,,,,,,N1,wasp,,,,,1,Grindelia ,stricta,,,p2,y,small/med size; yellow-black,
23Oct2023mpsuh,,mpsu,,H,,,,,,N1,butterfly,skipper,,,,1,Grindelia ,stricta,,,photograph,,,
23Oct2023mpsuh,,mpsu,,H,,,,,,N2,butterfly,skipper,,,,1,Grindelia ,stricta,,,,,likel fiery skipper,
23Oct2023mpsuh,,mpsu,,H,,,,,,N2,hoverfly,,,,,1,Grindelia ,stricta,,,,n,missed; same type as p1,
23Oct2023mpsuh,,mpsu,,H,,,,,,N2,hoverfly,,,,,1,Grindelia ,stricta,,,p3,y,,
23Oct2023mpsuh,,mpsu,,H,,,,,,N2,bee,Agapostemon,texanus,double check the leg markings,,1,Grindelia ,stricta,,,p4,,,
23Oct2023mpsuh,,mpsu,,H,,,,,,N2,butterfly,skipper,,,,1,Grindelia ,stricta,,,,,likely fiery skipper,
03Oct2023foscnh,,fosc,,NH,,,,,,snapshot,,,,,,0,,,,,,,,
03Oct2023foscnh,,fosc,,NH,,,,,,N1,wasp,Vespula,,,,1,ground,,,,p1,y,flying low,
03Oct2023foscnh,,fosc,,NH,,,,,,N1,fly,,,,,1,Eriogonum,latifolium,,,p2,y,,
03Oct2023foscnh,,fosc,,NH,,,,,,N1,wasp,Vespula,,,,1,ground,,,,p3,y,flying low,
03Oct2023foscnh,,fosc,,NH,,,,,,N2,,,,,,0,,,,,,,,
03Oct2023foscc,,fosc,,C,,,,,,snapshot,,,,,,0,,,,,,,,
03Oct2023foscc,,fosc,,C,,,,,,N1,hoverfly,,,,,1,Rosa,,,,p1,y,hover around plant,
03Oct2023foscc,,fosc,,C,,,,,,N2,,,,,,0,,,,,,,,
03Oct2023fosch,,fosc,,H,,,,,,snapshot,,,,,,0,,,,,,,,
03Oct2023fosch,,fosc,,H,,,,,,N1,bee,"small,dark bee",,,,1,Symphyotrichum,chilense,,,,n,missed,
03Oct2023fosch,,fosc,,H,,,,,,N2,,,,,,0,,,,,,,,
16Oct2023wewanh,,wewa,,NH,,,,,,snapshot,,,,,,,,,,,,,,
16Oct2023wewanh,,wewa,,NH,,,,,,N1,,,,,,,,,,,,,,
16Oct2023wewanh,,wewa,,NH,,,,,,N2,,,,,,,,,,,,,,
16Oct2023wewah,,wewa,,H,,,,,,snapshot,,,,,,0,,,,,,,,
16Oct2023wewah,,wewa,,H,,,,,,N1,,,,,,0,,,,,,,,
16Oct2023wewah,,wewa,,H,,,,,,N2,hoverfly,,,,,1,,,,,,n,missed; flying by,
23Oct2023ymcanh,,ymca,,NH,,,,,,snapshot,,,,,,0,,,,,,,,
23Oct2023ymcanh,,ymca,,NH,,,,,,N1,wasp,Vespula,,,,1,Grevillea,lanigera,,,p1,y,,
23Oct2023ymcanh,,ymca,,NH,,,,,,N1,hummingbird,Anna's,,,,1,Grevillea,lanigera,,,,n,female; sticks beak into flowers!,
23Oct2023ymcanh,,ymca,,NH,,,,,,N1,wasp,Vespula,,,,1,Grevillea,lanigera,,,p2,y,,
23Oct2023ymcanh,,ymca,,NH,,,,,,N2,bee,Apis,mellifera,,,1,Grevillea,lanigera,,,p3,y,,
23Oct2023ymcanh,,ymca,,NH,,,,,,N2,wasp,Vespula,,,,1,Grevillea,lanigera,,,p4,y,,
23Oct2023mpsuc,,mpsu,,C,,,,,,snapshot,,,,,,0,,,,,,,,
23Oct2023mpsuc,,mpsu,,C,,,,,,N1,,,,,,0,,,,,,,,
23Oct2023mpsuc,,mpsu,,C,,,,,,N2,hoverfly,,,,,1,Acacia, melanoxylon,,,p1,y,hover around leaves; no flowers,
23Oct2023mpsunh,,mpsu,,NH,,,,,,snapshot,hoverfly,,,,,1,Achillea,millefolium,,,,,"brown, senesced flowers",
23Oct2023mpsunh,,mpsu,,NH,,,,,,snapshot,bee,"small,dark bee",,,,1,Monardella,villosa,,,,,"no flowers, lands on stem",
23Oct2023mpsunh,,mpsu,,NH,,,,,,snapshot,hoverfly,,,,,1,,,,,,,hover in plot,
23Oct2023mpsunh,,mpsu,,NH,,,,,,N1,unidentified,,,,,1,Eriogonum,latifolium,,,p1,y,super-thin,
23Oct2023mpsunh,,mpsu,,NH,,,,,,N1,bee,"small,dark bee",,,,1,Monardella,villosa,,,,n,missed; hover around senesced plant - no flower,
23Oct2023mpsunh,,mpsu,,NH,,,,,,N2,bee,"small,dark bee",,,,1,Eriogonum,latifolium,,,,n,missed,
23Oct2023ymcah,,ymca,,H,,,,,,snapshot,hoverfly,,,,,1,Symphyotrichum,chilense,,,,,,
23Oct2023ymcah,,ymca,,H,,,,,,snapshot,bee,Apis,mellifera,,,1,Grevillea,lanigera,,,,,,
23Oct2023ymcah,,ymca,,H,,,,,,N1,wasp,Vespula,,,,1,Grevillea,lanigera,,,p1,y,,
23Oct2023ymcah,,ymca,,H,,,,,,N1,hoverfly,,,,,1,,,,,p2,y,hover around in plot,
23Oct2023ymcah,,ymca,,H,,,,,,N1,hoverfly,,,,,1,Symphyotrichum,chilense,,,,n,missed,
23Oct2023ymcah,,ymca,,H,,,,,,N1,bee,Apis,mellifera,,,1,Grevillea,lanigera,,,p3,y,has red pollen on legs,
23Oct2023ymcah,,ymca,,H,,,,,,N1,hoverfly,,,,,1,Symphyotrichum,chilense,,,p4,,,
23Oct2023ymcah,,ymca,,H,,,,,,N1,wasp,Chrysididae,,,,1,Symphyotrichum,chilense,,,,n,missed! Tiny,
23Oct2023ymcah,,ymca,,H,,,,,,N2,wasp,Chrysididae,,,,1,Symphyotrichum,chilense,,,p5,y,"tiny, green metallic",
23Oct2023ymcah,,ymca,,H,,,,,,N2,hoverfly,,,,,1,Symphyotrichum,chilense,,,p6,y,,
16Oct2023stavc,,stav,,C,,,,,,snapshot,,,,,,0,,,,,,,,
16Oct2023stavc,,stav,,C,,,,,,N1,,,,,,0,,,,,,,,
16Oct2023stavc,,stav,,C,,,,,,N2,,,,,,0,,,,,,,,
16Oct2023stavnh,,stav,,NH,,,,,,snapshot,,,,,,0,,,,,,,,
16Oct2023stavnh,,stav,,NH,,,,,,N1,,,,,,0,,,,,,,,
16Oct2023stavnh,,stav,,NH,,,,,,N2,wasp,Vespula,,,,1,,,,,,n,"flew through, missed",
16Oct2023wywec,,wywe,,C,,,,,,snapshot,,,,,,0,,,,,,,,
16Oct2023wywec,,wywe,,C,,,,,,N1,bee,,,,,1,Salvia,rosmarinus,,nectar,s1,y,,
16Oct2023wywec,,wywe,,C,,,,,,N1,unidentified,,,,,1,Salvia,rosmarinus,,,p1,y,,
16Oct2023wywec,,wywe,,C,,,,,,N1,butterfly,skipper,,,,1,Salvia,rosmarinus,,,,n,no photo,
16Oct2023wywec,,wywe,,C,,,,,,N2,,,,,,0,,,,,,,,
16Oct2023wyweh,,wywe,,H,,,,,,snapshot,,,,,,0,,,,,,,,
16Oct2023wyweh,,wywe,,H,,,,,,N1,,,,,,0,,,,,,,,
16Oct2023wyweh,,wywe,,H,,,,,,N2,,,,,,0,,,,,,,,
16Oct2023wywenh,,wywe,,NH,,,,,,snapshot,,,,,,0,,,,,,,,
16Oct2023wywenh,,wywe,,NH,,,,,,N1,,,,,,0,,,,,,,,
16Oct2023wywenh,,wywe,,NH,,,,,,N2,moth,,,,,1,ground,,,,,n,,
11Oct2023fscgh,,fscg,,H,,,,,,snapshot,butterfly,Pieris,rapae,,,1,Nepeta,cataria,,,,,,
11Oct2023fscgh,,fscg,,H,,,,,,snapshot,bee,Agapostemon,texanus,,,2,Grindelia ,hirsitula,,,,,,
11Oct2023fscgh,,fscg,,H,,,,,,snapshot,bee,"small,dark bee",,,,1,Symphyotrichum,chilense,,,,,,
11Oct2023fscgh,,fscg,,H,,,,,,snapshot,bee,Bombus,,,,,,,,,,,fly through,
11Oct2023fscgh,,fscg,,H,,,,,,N1,bee,,,,,1,Symphyotrichum,chilense,,,s1,y,,
11Oct2023fscgh,,fscg,,H,,,,,,N1,bee,,,,,1,Symphyotrichum,chilense,,,s2,y,,
11Oct2023fscgh,,fscg,,H,,,,,,N1,hoverfly,,,,,1,Symphyotrichum,chilense,,,p1,y,,
11Oct2023fscgh,,fscg,,H,,,,,,N1,bee,Agapostemon,texanus,,,1,Symphyotrichum,chilense,,,p2,y,male,
11Oct2023fscgh,,fscg,,H,,,,,,N1,bee,Agapostemon,texanus,,,1,Symphyotrichum,chilense,,,p3,y,male,
11Oct2023fscgh,,fscg,,H,,,,,,N2,bee,,,,,1,Nepeta,cataria,,,p4,y,,
11Oct2023fscgh,,fscg,,H,,,,,,N2,bee,Agapostemon,texanus,,,1,Symphyotrichum,chilense,,,p5,y,,
11Oct2023fscgh,,fscg,,H,,,,,,N2,hoverfly,,,,,1,Symphyotrichum,chilense,,,p6,y,,
11Oct2023fscgh,,fscg,,H,,,,,,N2,hoverfly,,,,,1,Symphyotrichum,chilense,,,p7,y,got away before could photo,
11Oct2023eawac,,eawa,,C,,,,,,snapshot,butterfly,Vanessa,,,,1,Pittosporum,,,,,,painted lady,
11Oct2023eawac,,eawa,,C,,,,,,snapshot,wasp,Vespula,,,,1,Pittosporum,,,,,,,
11Oct2023eawac,,eawa,,C,,,,,,snapshot,Bombus,,,,,1,Pittosporum,,,,,,,
11Oct2023eawac,,eawa,,C,,,,,,N1,unidentified,,,,,1,Pittosporum,,,,,,parasitic?,
11Oct2023eawac,,eawa,,C,,,,,,N1,butterfly,skipper,,,,1,Pittosporum,,,,photographed,,,
11Oct2023eawac,,eawa,,C,,,,,,N1,butterfly,,,,,1,,,,,,,Monarch?,
11Oct2023eawac,,eawa,,C,,,,,,N2,,,,,,0,,,,,,,,
15Oct2023wewac,,wewa,,C,,,,,,snapshot,,,,,,0,,,,,,,,
15Oct2023wewac,,wewa,,C,,,,,,N1,,,,,,0,,,,,,,,
15Oct2023wewac,,wewa,,C,,,,,,N2,,,,,,0,,,,,,,,
16Oct2023shtanh,,shta,,NH,,,,,,snapshot,bee,"small,dark bee",,,,1,Calandrinia,grandiflora,,,,,,
16Oct2023shtanh,,shta,,NH,,,,,,snapshot,bee,Apis,mellifera,,,1,Achillea,millefolium,,,,,on vegetation,
16Oct2023shtanh,,shta,,NH,,,,,,N1,bee,"small,dark bee",,,,1,Calandrinia,grandiflora,,,,n,missed,
16Oct2023shtanh,,shta,,NH,,,,,,N1,wasp,Vespula,,,,1,Achillea,millefolium,,,p1,y,fly around senesced flowers,
16Oct2023shtanh,,shta,,NH,,,,,,N1,wasp,Vespula,,,,1,Grevillea,lanigera,,,p2,,,
16Oct2023shtanh,,shta,,NH,,,,,,N2,bee,Apis,mellifera,,,1,Calandrinia,grandiflora,,pollen,p3,y,red pollen sacks on legs,
16Oct2023shtanh,,shta,,NH,,,,,,N2,bee,Apis,mellifera,,,1,Calandrinia,grandiflora,,,,n,missed,
16Oct2023shtanh,,shta,,NH,,,,,,N2,unidentified,,,,,1,Achillea,millefolium,,,p4,y,on vegetation,
16Oct2023shtah,,shta,,H,,,,,,snapshot,bee,Apis,mellifera,,,2,Grevillea,lanigera,,,,,,
16Oct2023shtah,,shta,,H,,,,,,snapshot,hoverfly,,,,,1,Symphyotrichum,chilense,,,,,,
16Oct2023shtah,,shta,,H,,,,,,N1,hoverfly,,,,,1,Symphyotrichum,chilense,,,p1,y,,
16Oct2023shtah,,shta,,H,,,,,,N1,wasp,Vespula,,,,1,Horkelia,californica,,,p2,,,
16Oct2023shtah,,shta,,H,,,,,,N1,bee,Apis,mellifera,,,1,Horkelia,californica,,nectar,p3,y,,
16Oct2023shtah,,shta,,H,,,,,,N2,bee,Apis,mellifera,,,1,Grevillea,lanigera,,nectar,p4,y,,
16Oct2023shtah,,shta,,H,,,,,,N2,bee,Megachilidae,,,,1,Grindelia ,hirsitula,,pollen,p5,y,,
16Oct2023shtah,,shta,,H,,,,,,N2,hoverfly,,,,,1,Horkelia,californica,,,p6,y,,
16Oct2023shtah,,shta,,H,,,,,,N2,butterfly,skipper,,,,1,Symphyotrichum,chilense,,,,n,could not get photo,
16Oct2023shtah,,shta,,H,,,,,,N2,bee,Apis,mellifera,,,1,Horkelia,californica,,,p7,y,,
16Oct2023stavh,,stav,,H,,,,,,snapshot,wasp,Vespula,,,,1,Grindelia ,hirsitula,,,,,,
16Oct2023stavh,,stav,,H,,,,,,N1,,,,,,0,,,,,,,,
16Oct2023stavh,,stav,,H,,,,,,N2,hoverfly,,,,,1,Grindelia ,hirsitula,,,p1,y,,
16Oct2023shtac,,shta,,C,,,,,,snapshot,bee,Apis,mellifera,,,1,Grevillea,lanigera,,,,,,
16Oct2023shtac,,shta,,C,,,,,,N1,,,,,,0,,,,,,,,
16Oct2023shtac,,shta,,C,,,,,,N2,bee,Apis,mellifera,,,1,Grevillea,lanigera,,,p1,y,,
16Oct2023shtac,,shta,,C,,,,,,N2,bee,Apis,mellifera,,,1,Grevillea,lanigera,,,p2,y,,
16Oct2023lilec,,lile,,C,,,,,,snapshot,,,,,,0,,,,,,,,
16Oct2023lilec,,lile,,C,,,,,,N1,,,,,,0,,,,,,,,
16Oct2023lilec,,lile,,C,,,,,,N2,,,,,,0,,,,,,,,
16Oct2023lileh,,lile,,H,,,,,,snapshot,,,,,,0,,,,,,,,
16Oct2023lileh,,lile,,H,,,,,,N1,,,,,,0,,,,,,,,
16Oct2023lileh,,lile,,H,,,,,,N2,hoverfly,,,,,1,Calandrinia,grandiflora,,,,n,missed,
16Oct2023lilenh,,lile,,NH,,,,,,snapshot,wasp,Pompilidae,,,,1,ground,,,,,,"spider-catching wasp, black",
16Oct2023lilenh,,lile,,NH,,,,,,N1,wasp,Pompilidae,,,,1,ground,,,,,n,"missed; spider-catching wasp, black",
16Oct2023lilenh,,lile,,NH,,,,,,N2,wasp,Pompilidae,,,,1,ground,,,,,n,"missed; spider-catching wasp, black",
